ID,USERNAME,FIRST_NAME,LAST_NAME,EMAIL,GENDER,BIRTH_DATE
1,bgregor0,Bald,Gregor,bgregor0@dmoz.org,M,1959-05-01
2,ksedgmond1,Kit,Sedgmond,ksedgmond1@barnesandnoble.com,F,1985-05-28
3,ecorgenvin2,Ellery,Corgenvin,ecorgenvin2@nationalgeographic.com,M,1996-09-28
4,tscaife3,Trstram,Scaife,tscaife3@gravatar.com,M,1973-01-29
5,mlandes4,Myrilla,Landes,mlandes4@wunderground.com,F,1958-05-02
6,celcom5,Cicily,Elcom,celcom5@feedburner.com,F,1989-11-21
7,sroache6,Sherwynd,Roache,sroache6@archive.org,M,1994-07-21
8,credihalgh7,Chic,Redihalgh,credihalgh7@foxnews.com,M,1971-05-03
9,tcorley8,Tildi,Corley,tcorley8@studiopress.com,F,1968-10-14
10,tcarme9,Tadeas,Carme,tcarme9@flavors.me,M,1954-09-29
11,mmaystona,Marian,Mayston,mmaystona@symantec.com,F,1957-05-28
12,dhacketb,Dean,Hacket,dhacketb@godaddy.com,M,1956-03-06
13,hwalkingtonc,Heath,Walkington,hwalkingtonc@ebay.com,F,1952-01-07
14,afeaveryeard,Arline,Feaveryear,afeaveryeard@squarespace.com,F,1972-07-04
15,ggracewoode,Giorgi,Gracewood,ggracewoode@foxnews.com,M,1952-11-07
16,vthornberf,Viole,Thornber,vthornberf@trellian.com,F,1993-09-13
17,gcroughang,Garey,Croughan,gcroughang@trellian.com,M,1956-11-01
18,egoobleh,Elliott,Gooble,egoobleh@yellowpages.com,M,1986-05-26
19,mcooti,Mae,Coot,mcooti@slashdot.org,F,1999-01-30
20,pbrombyj,Pepi,Bromby,pbrombyj@illinois.edu,F,1968-02-27
21,zcathrok,Zita,Cathro,zcathrok@answers.com,F,1951-09-12
22,kmetheringhaml,Kit,Metheringham,kmetheringhaml@patch.com,F,1956-04-07
23,lalthamm,Leeland,Altham,lalthamm@dell.com,M,1983-11-05
24,acaldronn,Aubert,Caldron,acaldronn@mozilla.org,M,1999-09-18
25,kchurchillo,Kristine,Churchill,kchurchillo@pen.io,F,1960-02-09
26,lelgoodp,Lew,Elgood,lelgoodp@kickstarter.com,M,1962-01-05
27,iwinscombq,Isidoro,Winscomb,iwinscombq@omniture.com,M,1968-08-29
28,cchanterr,Clywd,Chanter,cchanterr@si.edu,M,1960-05-28
29,mparadises,Marielle,Paradise,mparadises@networkadvertising.org,F,1952-08-04
30,cdematteit,Ciel,De Mattei,cdematteit@vistaprint.com,F,1993-04-28
31,lwaithu,Leonie,Waith,lwaithu@ovh.net,F,1971-06-23
32,amapowderv,Amandy,Mapowder,amapowderv@histats.com,F,1964-10-24
33,frustadgew,Feodora,Rustadge,frustadgew@loc.gov,F,1956-06-26
34,choggettsx,Conrad,Hoggetts,choggettsx@china.com.cn,M,1994-03-01
35,nfruddy,Nikolas,Frudd,nfruddy@hatena.ne.jp,M,1996-09-22
36,avesquez,Aluin,Vesque,avesquez@ucla.edu,M,1993-05-24
37,mdalglish10,Marika,Dalglish,mdalglish10@delicious.com,F,1970-05-16
38,hmcandrew11,Haleigh,Mc Andrew,hmcandrew11@salon.com,F,1989-02-06
39,surlin12,Sigfried,Urlin,surlin12@paypal.com,M,1974-12-03
40,cmullender13,Corbet,Mullender,cmullender13@walmart.com,M,1984-08-05
41,tpoulney14,Torrie,Poulney,tpoulney14@wix.com,F,1957-02-10
42,bskottle15,Bettina,Skottle,bskottle15@mit.edu,F,1969-08-15
43,dmcskeagan16,Dorthy,McSkeagan,dmcskeagan16@va.gov,F,1963-03-10
44,mgreenrde17,Minny,Greenrde,mgreenrde17@chronoengine.com,F,1995-06-19
45,lmcvaugh18,Leanor,McVaugh,lmcvaugh18@irs.gov,F,1985-10-12
46,bbawcock19,Binnie,Bawcock,bbawcock19@disqus.com,F,1981-01-27
47,jhouselee1a,Jeri,Houselee,jhouselee1a@ihg.com,F,1995-04-25
48,sridgeway1b,Skyler,Ridgeway,sridgeway1b@huffingtonpost.com,M,1952-03-20
49,glyndon1c,Gherardo,Lyndon,glyndon1c@whitehouse.gov,M,1974-07-21
50,ltelega1d,Layne,Telega,ltelega1d@wisc.edu,F,1993-04-01
51,bskett1e,Brit,Skett,bskett1e@blogtalkradio.com,M,1962-01-22
52,emosedale1f,Erhard,Mosedale,emosedale1f@nature.com,M,1970-11-18
53,dillem1g,Diego,Illem,dillem1g@wp.com,M,1952-02-07
54,mbush1h,Meir,Bush,mbush1h@cafepress.com,M,1991-10-20
55,bghidelli1i,Brenden,Ghidelli,bghidelli1i@eepurl.com,M,1980-09-06
56,snott1j,Shaughn,Nott,snott1j@virginia.edu,M,1985-01-25
57,magneau1k,Maurits,Agneau,magneau1k@shareasale.com,M,1977-12-29
58,eboyett1l,Ezri,Boyett,eboyett1l@tumblr.com,M,1959-10-26
59,smorrid1m,Sinclair,Morrid,smorrid1m@netlog.com,M,1959-12-29
60,ltallyn1n,Levy,Tallyn,ltallyn1n@samsung.com,M,1980-09-04
61,bblunsen1o,Boigie,Blunsen,bblunsen1o@google.co.jp,M,1957-11-23
62,cduigan1p,Cam,Duigan,cduigan1p@devhub.com,F,1998-09-08
63,fdepke1q,Felecia,Depke,fdepke1q@mozilla.org,F,1963-06-04
64,gborsay1r,Granny,Borsay,gborsay1r@prlog.org,M,1963-01-27
65,ckintish1s,Consuela,Kintish,ckintish1s@nbcnews.com,F,1967-06-03
66,gcrix1t,Gard,Crix,gcrix1t@bloglovin.com,M,1974-08-16
67,fgocke1u,Ferdy,Gocke,fgocke1u@oracle.com,M,1961-02-05
68,lskains1v,Leroy,Skains,lskains1v@51.la,M,1968-06-22
69,rpow1w,Roberto,Pow,rpow1w@shop-pro.jp,M,1993-02-16
70,rseabrocke1x,Rhiamon,Seabrocke,rseabrocke1x@photobucket.com,F,1961-08-27
71,ljaspar1y,Lucien,Jaspar,ljaspar1y@acquirethisname.com,M,1965-09-30
72,hnestle1z,Hillard,Nestle,hnestle1z@usgs.gov,M,1964-10-10
73,mgutman20,Mendy,Gutman,mgutman20@hatena.ne.jp,M,1984-04-01
74,fbullon21,Farah,Bullon,fbullon21@surveymonkey.com,F,1965-11-28
75,didwalevans22,Dody,Idwal Evans,didwalevans22@wikipedia.org,F,1997-10-12
76,aemer23,Aubine,Emer,aemer23@odnoklassniki.ru,F,1979-06-20
77,aruecastle24,Abel,Ruecastle,aruecastle24@jimdo.com,M,1961-07-07
78,rzorer25,Ruben,Zorer,rzorer25@bigcartel.com,M,1968-02-29
79,ipynn26,Ilene,Pynn,ipynn26@sina.com.cn,F,1967-12-08
80,smelby27,Skippy,Melby,smelby27@wikispaces.com,M,1990-09-01
81,jdubble28,Jacquetta,Dubble,jdubble28@smh.com.au,F,1987-03-02
82,rwoodfine29,Randy,Woodfine,rwoodfine29@china.com.cn,F,1953-08-28
83,dmelesk2a,Daryle,Melesk,dmelesk2a@pen.io,M,1950-10-30
84,hbufton2b,Haskell,Bufton,hbufton2b@pen.io,M,1968-04-03
85,scadle2c,Sheppard,Cadle,scadle2c@bravesites.com,M,1994-02-17
86,tbrumhead2d,Taite,Brumhead,tbrumhead2d@usa.gov,M,1983-09-11
87,mpretti2e,Mycah,Pretti,mpretti2e@php.net,M,1975-07-29
88,alared2f,Albrecht,Lared,alared2f@alexa.com,M,1993-02-01
89,rshilstone2g,Raimondo,Shilstone,rshilstone2g@wix.com,M,1980-01-28
90,rfearey2h,Ronald,Fearey,rfearey2h@statcounter.com,M,1954-12-25
91,sbeckenham2i,Sutherlan,Beckenham,sbeckenham2i@indiegogo.com,M,1956-06-18
92,mdandrea2j,Maximo,D'Andrea,mdandrea2j@hatena.ne.jp,M,1982-03-09
93,rjerzak2k,Ralina,Jerzak,rjerzak2k@icio.us,F,1986-06-29
94,nabrahamowitcz2l,Nannette,Abrahamowitcz,nabrahamowitcz2l@phpbb.com,F,1995-05-30
95,revenett2m,Rickard,Evenett,revenett2m@gnu.org,M,1981-08-31
96,bchalfant2n,Berky,Chalfant,bchalfant2n@tiny.cc,M,1997-10-05
97,dvlach2o,Danyette,Vlach,dvlach2o@squidoo.com,F,1985-02-24
98,ssecret2p,Stanwood,Secret,ssecret2p@ask.com,M,1962-08-09
99,wplatts2q,Willa,Platts,wplatts2q@uiuc.edu,F,1987-05-27
100,cdaldan2r,Chrystel,Daldan,cdaldan2r@com.com,F,1971-02-24
101,rblant2s,Roanna,Blant,rblant2s@elegantthemes.com,F,1978-10-26
102,mjessett2t,Melina,Jessett,mjessett2t@mediafire.com,F,1965-02-01
103,idavet2u,Ingeborg,Davet,idavet2u@multiply.com,F,1953-04-08
104,acrauford2v,Aeriel,Crauford,acrauford2v@trellian.com,F,1989-09-05
105,aolivella2w,Alica,Olivella,aolivella2w@goo.gl,F,1975-05-26
106,fatkinson2x,Flore,Atkinson,fatkinson2x@vkontakte.ru,F,1965-09-28
107,gdenford2y,Gothart,Denford,gdenford2y@dagondesign.com,M,1974-04-27
108,arushmare2z,Ashla,Rushmare,arushmare2z@goo.ne.jp,F,1987-03-09
109,darchambault30,Dasya,Archambault,darchambault30@google.com.au,F,1971-12-21
110,wcobson31,Willamina,Cobson,wcobson31@cnet.com,F,1972-01-26
111,ngrills32,Nerissa,Grills,ngrills32@tmall.com,F,1964-07-21
112,pbiddy33,Pam,Biddy,pbiddy33@wikipedia.org,F,1986-03-15
113,spenwright34,Sherline,Penwright,spenwright34@shop-pro.jp,F,1964-03-24
114,epaulat35,Ellyn,Paulat,epaulat35@slashdot.org,F,1988-08-21
115,pcattlemull36,Paquito,Cattlemull,pcattlemull36@upenn.edu,M,1975-05-02
116,mgosnall37,Mellie,Gosnall,mgosnall37@odnoklassniki.ru,F,1974-12-30
117,lmckellen38,Lynn,McKellen,lmckellen38@cnet.com,M,1974-11-06
118,wmallalieu39,Walton,Mallalieu,wmallalieu39@ucoz.ru,M,1994-07-25
119,dshenley3a,Drake,Shenley,dshenley3a@ehow.com,M,1972-08-17
120,heasterby3b,Heloise,Easterby,heasterby3b@arizona.edu,F,1969-04-02
121,tjonah3c,Teresina,Jonah,tjonah3c@berkeley.edu,F,1993-02-03
122,awardlaw3d,Aimee,Wardlaw,awardlaw3d@bbc.co.uk,F,1965-07-14
123,carkin3e,Cathleen,Arkin,carkin3e@dot.gov,F,1956-08-31
124,arainville3f,Aaron,Rainville,arainville3f@abc.net.au,M,1991-03-14
125,gstuehmeier3g,Guillemette,Stuehmeier,gstuehmeier3g@vkontakte.ru,F,1960-04-14
126,tsharphouse3h,Tanny,Sharphouse,tsharphouse3h@google.de,M,1951-06-22
127,ohuntly3i,Ollie,Huntly,ohuntly3i@sbwire.com,M,1992-06-26
128,rsoftley3j,Rowen,Softley,rsoftley3j@google.com.br,M,1973-07-25
129,mkinghorn3k,Mada,Kinghorn,mkinghorn3k@gmpg.org,F,1981-06-14
130,padrianello3l,Pammy,Adrianello,padrianello3l@irs.gov,F,1973-12-17
131,mskepper3m,Muhammad,Skepper,mskepper3m@tamu.edu,M,1995-03-14
132,hroscoe3n,Hunter,Roscoe,hroscoe3n@ning.com,M,1953-10-28
133,ceddington3o,Carolan,Eddington,ceddington3o@ning.com,F,1995-11-26
134,mruckman3p,Mychal,Ruckman,mruckman3p@ehow.com,M,1969-08-03
135,rtrumble3q,Robena,Trumble,rtrumble3q@mapquest.com,F,1996-01-23
136,bfitzsymons3r,Bertie,Fitzsymons,bfitzsymons3r@pbs.org,M,1990-01-05
137,egrinham3s,Edithe,Grinham,egrinham3s@posterous.com,F,1990-12-22
138,gmacdaid3t,Gaylene,MacDaid,gmacdaid3t@businessinsider.com,F,1950-09-12
139,dmatuszkiewicz3u,Donavon,Matuszkiewicz,dmatuszkiewicz3u@4shared.com,M,1981-10-08
140,mfranzettoini3v,Marshall,Franzettoini,mfranzettoini3v@livejournal.com,M,1954-06-11
141,kcelli3w,Kizzie,Celli,kcelli3w@devhub.com,F,1959-12-12
142,rmoorrud3x,Roley,Moorrud,rmoorrud3x@paginegialle.it,M,1958-04-23
143,epaull3y,Edd,Paull,epaull3y@fastcompany.com,M,1994-11-20
144,apardal3z,Alfy,Pardal,apardal3z@yelp.com,M,1964-07-31
145,gpanketh40,Gay,Panketh,gpanketh40@blog.com,M,1985-07-03
146,rlaming41,Rosina,Laming,rlaming41@rambler.ru,F,1991-06-21
147,rtregoning42,Raddy,Tregoning,rtregoning42@opera.com,M,1983-04-17
148,aalder43,Anett,Alder,aalder43@howstuffworks.com,F,1955-07-01
149,cricco44,Christal,Ricco,cricco44@liveinternet.ru,F,1978-05-24
150,fhaville45,Filia,Haville,fhaville45@jalbum.net,F,1978-10-06
151,fdegliabbati46,Frannie,Degli Abbati,fdegliabbati46@wsj.com,F,1978-03-20
152,xbleier47,Xerxes,Bleier,xbleier47@slashdot.org,M,1989-04-24
153,rmeran48,Renaud,Meran,rmeran48@msn.com,M,1970-05-14
154,mruslin49,Maximilian,Ruslin,mruslin49@thetimes.co.uk,M,1981-07-16
155,ctopper4a,Corina,Topper,ctopper4a@blogtalkradio.com,F,1965-02-10
156,kwhitford4b,Kitty,Whitford,kwhitford4b@princeton.edu,F,1989-06-23
157,csketchley4c,Caleb,Sketchley,csketchley4c@cbslocal.com,M,1966-05-24
158,sstepto4d,Sabina,Stepto,sstepto4d@smh.com.au,F,1998-11-30
159,jmcbay4e,Jabez,McBay,jmcbay4e@adobe.com,M,1951-02-17
160,ahariot4f,Ashbey,Hariot,ahariot4f@theatlantic.com,M,1973-12-15
161,hisabell4g,Helyn,Isabell,hisabell4g@joomla.org,F,1984-03-15
162,shotson4h,Sebastien,Hotson,shotson4h@booking.com,M,1985-12-16
163,jcoaster4i,Jackie,Coaster,jcoaster4i@goo.gl,M,1967-05-20
164,ssellack4j,Shell,Sellack,ssellack4j@bloomberg.com,F,1985-04-27
165,shempel4k,Shane,Hempel,shempel4k@cafepress.com,F,1997-01-10
166,lhouseley4l,Larina,Houseley,lhouseley4l@youtube.com,F,1968-09-13
167,vkinsett4m,Vanda,Kinsett,vkinsett4m@blogger.com,F,1982-04-28
168,rlennard4n,Randene,Lennard,rlennard4n@ezinearticles.com,F,1974-01-30
169,ewrack4o,Eirena,Wrack,ewrack4o@gov.uk,F,1953-03-01
170,jfradson4p,Joela,Fradson,jfradson4p@ameblo.jp,F,1979-04-22
171,eplumbley4q,Edna,Plumbley,eplumbley4q@uol.com.br,F,1974-03-22
172,ischuster4r,Ilka,Schuster,ischuster4r@com.com,F,1983-05-01
173,mshortall4s,Mordecai,Shortall,mshortall4s@360.cn,M,1966-10-06
174,dmegson4t,Darnell,Megson,dmegson4t@naver.com,M,1962-11-23
175,rjuszczak4u,Raf,Juszczak,rjuszczak4u@yolasite.com,F,1989-02-16
176,pjacson4v,Pearl,Jacson,pjacson4v@blog.com,F,1990-12-31
177,jmackeller4w,Joela,MacKeller,jmackeller4w@cloudflare.com,F,1976-09-01
178,mrobers4x,Matt,Robers,mrobers4x@instagram.com,M,1987-08-16
179,mbaty4y,Maximo,Baty,mbaty4y@is.gd,M,1994-09-04
180,egemelli4z,Ezechiel,Gemelli,egemelli4z@tmall.com,M,1996-02-13
181,bchristou50,Bo,Christou,bchristou50@google.co.jp,M,1974-03-08
182,ctodeo51,Corry,Todeo,ctodeo51@networksolutions.com,F,1993-05-01
183,rbrimman52,Rozamond,Brimman,rbrimman52@mozilla.org,F,1984-12-06
184,cfortman53,Cherrita,Fortman,cfortman53@php.net,F,1989-07-08
185,rbootherstone54,Rebeca,Bootherstone,rbootherstone54@w3.org,F,1958-10-28
186,ohenriksson55,Otha,Henriksson,ohenriksson55@dmoz.org,F,1967-04-04
187,trhodus56,Tuck,Rhodus,trhodus56@indiegogo.com,M,1967-11-28
188,smcleod57,Salomon,McLeod,smcleod57@amazonaws.com,M,1987-05-30
189,fdowsett58,Fidelity,Dowsett,fdowsett58@deliciousdays.com,F,1986-05-18
190,glockwood59,Giuseppe,Lockwood,glockwood59@php.net,M,1955-05-06
191,ltellenbrok5a,Luis,Tellenbrok,ltellenbrok5a@howstuffworks.com,M,1998-10-01
192,ebroady5b,Ellerey,Broady,ebroady5b@themeforest.net,M,1991-12-18
193,dmcadam5c,Darcy,McAdam,dmcadam5c@patch.com,F,1950-01-09
194,mmantha5d,Moshe,Mantha,mmantha5d@msn.com,M,1958-01-16
195,gbrotherhead5e,Gene,Brotherhead,gbrotherhead5e@ebay.co.uk,M,1983-10-30
196,amclenahan5f,Alejandrina,McLenahan,amclenahan5f@forbes.com,F,1965-08-20
197,rskeen5g,Rahal,Skeen,rskeen5g@vimeo.com,F,1999-09-28
198,jmcgragh5h,Jolyn,McGragh,jmcgragh5h@fda.gov,F,1969-01-07
199,ssaltsberg5i,Sandor,Saltsberg,ssaltsberg5i@deviantart.com,M,1990-02-14
200,gwassung5j,Gordon,Wassung,gwassung5j@mashable.com,M,1961-07-05
201,mdonohue5k,Merle,Donohue,mdonohue5k@amazonaws.com,M,1985-10-30
202,ototaro5l,Olive,Totaro,ototaro5l@ft.com,F,1956-11-27
203,sjiruca5m,Sheilah,Jiruca,sjiruca5m@home.pl,F,1959-07-15
204,rmacdiarmond5n,Randi,MacDiarmond,rmacdiarmond5n@edublogs.org,M,1962-09-15
205,kmackeller5o,Kalina,MacKeller,kmackeller5o@wunderground.com,F,1971-04-25
206,hsmidmor5p,Hynda,Smidmor,hsmidmor5p@miitbeian.gov.cn,F,1986-09-29
207,bcrome5q,Bastien,Crome,bcrome5q@techcrunch.com,M,1964-01-10
208,cscroggs5r,Cecilla,Scroggs,cscroggs5r@sakura.ne.jp,F,1980-02-20
209,jchawkley5s,Jerrold,Chawkley,jchawkley5s@fda.gov,M,1984-10-04
210,rpietrowicz5t,Rodolfo,Pietrowicz,rpietrowicz5t@paypal.com,M,1992-06-28
211,rscripps5u,Randie,Scripps,rscripps5u@vk.com,M,1967-12-12
212,tfellos5v,Teresita,Fellos,tfellos5v@sourceforge.net,F,1952-08-07
213,vnolte5w,Vlad,Nolte,vnolte5w@hc360.com,M,1990-01-30
214,hjillett5x,Hayward,Jillett,hjillett5x@usda.gov,M,1974-02-01
215,ssurgeoner5y,Sasha,Surgeoner,ssurgeoner5y@disqus.com,M,1951-12-29
216,kdemaria5z,Krissy,De Maria,kdemaria5z@uiuc.edu,F,1999-04-09
217,cburnham60,Carlos,Burnham,cburnham60@usa.gov,M,1953-06-03
218,sgidden61,Shaun,Gidden,sgidden61@multiply.com,F,1990-12-23
219,mwesley62,Maia,Wesley,mwesley62@arstechnica.com,F,1989-12-08
220,bmcjarrow63,Beitris,McJarrow,bmcjarrow63@columbia.edu,F,1991-06-10
221,pholt64,Perry,Holt,pholt64@clickbank.net,F,1950-07-24
222,pbydaway65,Palmer,Bydaway,pbydaway65@storify.com,M,1990-09-15
223,bgossage66,Burg,Gossage,bgossage66@sbwire.com,M,1967-06-02
224,bneiland67,Beau,Neiland,bneiland67@jiathis.com,M,1950-05-16
225,talleyn68,Toiboid,Alleyn,talleyn68@tuttocitta.it,M,1993-04-29
226,trait69,Theodosia,Rait,trait69@hp.com,F,1950-10-03
227,cjeves6a,Creighton,Jeves,cjeves6a@odnoklassniki.ru,M,1960-01-01
228,rgillmor6b,Raynor,Gillmor,rgillmor6b@facebook.com,M,1977-06-06
229,atabert6c,Audi,Tabert,atabert6c@infoseek.co.jp,F,1995-10-22
230,mfieller6d,Mose,Fieller,mfieller6d@imdb.com,M,1982-01-18
231,gmcgauhy6e,Graehme,McGauhy,gmcgauhy6e@ocn.ne.jp,M,1955-03-23
232,lmacieja6f,Llywellyn,Macieja,lmacieja6f@rakuten.co.jp,M,1959-03-17
233,cbattams6g,Cicily,Battams,cbattams6g@unc.edu,F,1990-10-11
234,oreppaport6h,Ofelia,Reppaport,oreppaport6h@chron.com,F,1960-02-21
235,bjimenez6i,Britt,Jimenez,bjimenez6i@google.co.uk,F,1987-05-16
236,mshackleton6j,Matthus,Shackleton,mshackleton6j@gmpg.org,M,1967-12-06
237,mgarthland6k,Morly,Garthland,mgarthland6k@over-blog.com,M,1976-07-15
238,vmahomet6l,Vale,Mahomet,vmahomet6l@about.me,F,1994-04-02
239,egoble6m,Elianore,Goble,egoble6m@nba.com,F,1976-02-28
240,cfreire6n,Carney,Freire,cfreire6n@amazon.de,M,1978-11-17
241,lbarras6o,Lawton,Barras,lbarras6o@nature.com,M,1985-04-09
242,wfennelly6p,Welsh,Fennelly,wfennelly6p@archive.org,M,1974-04-17
243,cetches6q,Chloette,Etches,cetches6q@nih.gov,F,1977-06-24
244,jollarenshaw6r,Jojo,Ollarenshaw,jollarenshaw6r@ifeng.com,F,1970-04-24
245,kmallinar6s,Kevon,Mallinar,kmallinar6s@yolasite.com,M,1996-05-30
246,pfeige6t,Patrizio,Feige,pfeige6t@marriott.com,M,1998-07-11
247,dpancoust6u,Diena,Pancoust,dpancoust6u@w3.org,F,1998-02-21
248,hgoldsbury6v,Hew,Goldsbury,hgoldsbury6v@aol.com,M,1992-02-25
249,bmerryfield6w,Barnebas,Merryfield,bmerryfield6w@ezinearticles.com,M,1964-08-07
250,jcloy6x,Jeniffer,Cloy,jcloy6x@hugedomains.com,F,1988-12-20
251,cbolsover6y,Corrie,Bolsover,cbolsover6y@bbc.co.uk,M,1950-10-01
252,jmanning6z,Jerrold,Manning,jmanning6z@businessinsider.com,M,1973-05-05
253,rsleite70,Rutherford,Sleite,rsleite70@tripadvisor.com,M,1952-08-15
254,cmeininger71,Currie,Meininger,cmeininger71@tuttocitta.it,M,1954-07-02
255,dabotson72,Denis,Abotson,dabotson72@bizjournals.com,M,1969-12-03
256,jlauxmann73,Jessi,Lauxmann,jlauxmann73@jigsy.com,F,1970-02-26
257,zmiles74,Zachery,Miles,zmiles74@miibeian.gov.cn,M,1992-05-28
258,qoshevlan75,Quincey,O'Shevlan,qoshevlan75@yahoo.co.jp,M,1978-10-09
259,tronca76,Teodoor,Ronca,tronca76@abc.net.au,M,1992-02-13
260,zgeratt77,Zita,Geratt,zgeratt77@elpais.com,F,1958-08-13
261,arichards78,Andrea,Richards,arichards78@timesonline.co.uk,M,1970-01-26
262,beiler79,Benedick,Eiler,beiler79@macromedia.com,M,1966-10-01
263,eberryman7a,Ethelyn,Berryman,eberryman7a@1688.com,F,1961-07-21
264,hwabey7b,Harp,Wabey,hwabey7b@census.gov,M,1984-11-26
265,lgylle7c,Launce,Gylle,lgylle7c@mail.ru,M,1974-04-14
266,lbury7d,Lin,Bury,lbury7d@omniture.com,F,1979-03-11
267,emorteo7e,Ezmeralda,Morteo,emorteo7e@devhub.com,F,1953-08-10
268,tstreetfield7f,Tamara,Streetfield,tstreetfield7f@surveymonkey.com,F,1959-02-08
269,jdurnford7g,Jillie,Durnford,jdurnford7g@soup.io,F,1976-07-09
270,amarians7h,Adi,Marians,amarians7h@guardian.co.uk,F,1986-01-26
271,gtrahair7i,Gayelord,Trahair,gtrahair7i@homestead.com,M,1977-01-13
272,jdemiranda7j,Jacky,De Miranda,jdemiranda7j@devhub.com,M,1959-04-24
273,cmetham7k,Cointon,Metham,cmetham7k@instagram.com,M,1950-12-08
274,cclyde7l,Cordelie,Clyde,cclyde7l@flickr.com,F,1998-12-09
275,mpenrith7m,Marge,Penrith,mpenrith7m@google.ca,F,1990-07-24
276,rkimmings7n,Richie,Kimmings,rkimmings7n@va.gov,M,1994-03-20
277,dhayhurst7o,Dniren,Hayhurst,dhayhurst7o@va.gov,F,1995-08-28
278,showood7p,Sephira,Howood,showood7p@nhs.uk,F,1994-11-09
279,apinwell7q,Alfy,Pinwell,apinwell7q@scientificamerican.com,M,1960-07-07
280,cbate7r,Cleopatra,Bate,cbate7r@huffingtonpost.com,F,1988-05-10
281,mcompson7s,Morganica,Compson,mcompson7s@toplist.cz,F,1953-04-18
282,tvance7t,Teddie,Vance,tvance7t@over-blog.com,F,1978-02-12
283,bbewlay7u,Brewer,Bewlay,bbewlay7u@opera.com,M,1973-10-03
284,ktheml7v,Kanya,Theml,ktheml7v@microsoft.com,F,1977-10-31
285,lscripture7w,Les,Scripture,lscripture7w@miibeian.gov.cn,M,1963-03-20
286,nmccracken7x,Nichole,McCracken,nmccracken7x@qq.com,F,1987-07-03
287,mbabonau7y,Mildred,Babonau,mbabonau7y@zimbio.com,F,1989-09-01
288,lbulbeck7z,Lira,Bulbeck,lbulbeck7z@tmall.com,F,1952-02-25
289,bdovidaitis80,Barbaraanne,Dovidaitis,bdovidaitis80@twitter.com,F,1972-12-17
290,mpiell81,Moishe,Piell,mpiell81@alibaba.com,M,1976-11-14
291,rchippindale82,Roselin,Chippindale,rchippindale82@cmu.edu,F,1998-03-22
292,astonham83,Abba,Stonham,astonham83@over-blog.com,M,1971-06-27
293,ksjollema84,Kyle,Sjollema,ksjollema84@yellowbook.com,M,1955-09-30
294,lonion85,Louise,O'Nion,lonion85@unesco.org,F,1999-10-02
295,dbredgeland86,Doria,Bredgeland,dbredgeland86@oaic.gov.au,F,1973-09-22
296,rvoff87,Ranna,Voff,rvoff87@senate.gov,F,1975-08-24
297,kmcamish88,Kalinda,McAmish,kmcamish88@sourceforge.net,F,1953-04-12
298,ffull89,Franzen,Full,ffull89@jimdo.com,M,1967-01-22
299,aberrisford8a,Andras,Berrisford,aberrisford8a@skype.com,M,1993-06-08
300,asuthren8b,Archie,Suthren,asuthren8b@theatlantic.com,M,1977-02-13
301,jmcmains8c,Josefa,McMains,jmcmains8c@google.com,F,1973-08-13
302,aspanton8d,Alvy,Spanton,aspanton8d@marketwatch.com,M,1989-06-10
303,acicci8e,Aldo,Cicci,acicci8e@senate.gov,M,1991-05-19
304,hholsey8f,Humfrid,Holsey,hholsey8f@yelp.com,M,1960-08-28
305,nkarp8g,Norman,Karp,nkarp8g@timesonline.co.uk,M,1961-09-24
306,bhallgath8h,Bearnard,Hallgath,bhallgath8h@ow.ly,M,1957-03-05
307,wjarnell8i,William,Jarnell,wjarnell8i@soundcloud.com,M,1999-10-05
308,mseamons8j,Mac,Seamons,mseamons8j@yahoo.co.jp,M,1955-01-21
309,btremayne8k,Booth,Tremayne,btremayne8k@ed.gov,M,1970-11-10
310,vkarlsson8l,Vivianne,Karlsson,vkarlsson8l@dailymail.co.uk,F,1953-02-05
311,kyakov8m,Keri,Yakov,kyakov8m@so-net.ne.jp,F,1964-09-25
312,rlattka8n,Rosco,Lattka,rlattka8n@yahoo.co.jp,M,1964-07-04
313,fthomasset8o,Fredek,Thomasset,fthomasset8o@live.com,M,1970-02-13
314,pcurro8p,Prudi,Curro,pcurro8p@foxnews.com,F,1996-01-21
315,cvotier8q,Claire,Votier,cvotier8q@accuweather.com,M,1978-08-23
316,fsimacek8r,Fulton,Simacek,fsimacek8r@cmu.edu,M,1997-12-03
317,isaddleton8s,Ilse,Saddleton,isaddleton8s@soundcloud.com,F,1977-08-15
318,esecombe8t,Ericka,Secombe,esecombe8t@who.int,F,1960-10-02
319,ggrelak8u,Goldie,Grelak,ggrelak8u@abc.net.au,F,1989-10-07
320,apaxeford8v,Annetta,Paxeford,apaxeford8v@yandex.ru,F,1975-08-31
321,wkeyser8w,Wenda,Keyser,wkeyser8w@desdev.cn,F,1981-04-19
322,revequot8x,Rahel,Evequot,revequot8x@sbwire.com,F,1984-03-21
323,mdonnett8y,Maurine,Donnett,mdonnett8y@nhs.uk,F,1959-10-08
324,fayres8z,Ferris,Ayres,fayres8z@gizmodo.com,M,1951-10-20
325,syakobovicz90,Sigfried,Yakobovicz,syakobovicz90@technorati.com,M,1977-01-25
326,sstaning91,Stacey,Staning,sstaning91@stumbleupon.com,F,1972-09-22
327,htiddeman92,Huey,Tiddeman,htiddeman92@pagesperso-orange.fr,M,1992-01-27
328,droston93,Dianne,Roston,droston93@rakuten.co.jp,F,1964-12-21
329,kwinslow94,Kerianne,Winslow,kwinslow94@about.me,F,1968-01-10
330,bgarretts95,Bo,Garretts,bgarretts95@istockphoto.com,M,1985-04-19
331,hhapke96,Huntington,Hapke,hhapke96@mashable.com,M,1989-04-21
332,mabrahams97,Miranda,Abrahams,mabrahams97@biblegateway.com,F,1978-01-08
333,hblaxley98,Hollis,Blaxley,hblaxley98@zdnet.com,M,1972-03-03
334,bbisp99,Bellanca,Bisp,bbisp99@google.nl,F,1980-01-27
335,ghrinchishin9a,Georgena,Hrinchishin,ghrinchishin9a@who.int,F,1969-09-04
336,cpurnell9b,Chalmers,Purnell,cpurnell9b@prlog.org,M,1978-11-05
337,brheam9c,Burk,Rheam,brheam9c@tmall.com,M,1998-01-25
338,vbezants9d,Vite,Bezants,vbezants9d@phpbb.com,M,1955-01-16
339,dshaxby9e,Dena,Shaxby,dshaxby9e@usda.gov,F,1974-02-25
340,vjaqueminet9f,Virginie,Jaqueminet,vjaqueminet9f@reuters.com,F,1981-11-07
341,habilowitz9g,Honey,Abilowitz,habilowitz9g@joomla.org,F,1974-01-03
342,fhembery9h,Franciskus,Hembery,fhembery9h@free.fr,M,1951-07-14
343,imarriott9i,Ichabod,Marriott,imarriott9i@yahoo.com,M,1960-12-08
344,iclymo9j,Issie,Clymo,iclymo9j@domainmarket.com,F,1981-07-20
345,ctebbutt9k,Cornall,Tebbutt,ctebbutt9k@wsj.com,M,1988-06-20
346,rolpin9l,Read,Olpin,rolpin9l@mac.com,M,1973-01-11
347,ctompkinson9m,Clemmie,Tompkinson,ctompkinson9m@prweb.com,M,1966-07-11
348,fewings9n,Faydra,Ewings,fewings9n@google.nl,F,1981-02-20
349,adoggett9o,Ali,Doggett,adoggett9o@nbcnews.com,M,1966-03-29
350,nrunacres9p,Nikaniki,Runacres,nrunacres9p@ft.com,F,1956-07-27
351,msilverman9q,Mariette,Silverman,msilverman9q@miitbeian.gov.cn,F,1998-12-01
352,amanthroppe9r,Abbott,Manthroppe,amanthroppe9r@dagondesign.com,M,1974-01-16
353,spalfreeman9s,Samara,Palfreeman,spalfreeman9s@desdev.cn,F,1978-06-13
354,acannings9t,Aubrey,Cannings,acannings9t@bigcartel.com,F,1974-06-30
355,ceskrigg9u,Clarisse,Eskrigg,ceskrigg9u@etsy.com,F,1972-11-16
356,hlokier9v,Haze,Lokier,hlokier9v@seesaa.net,M,1977-05-23
357,cfenn9w,Chico,Fenn,cfenn9w@pagesperso-orange.fr,M,1956-02-05
358,gbilbee9x,Gabey,Bilbee,gbilbee9x@vkontakte.ru,F,1989-11-23
359,cgethins9y,Carlyle,Gethins,cgethins9y@mozilla.com,M,1992-04-15
360,epoyntz9z,Elsie,Poyntz,epoyntz9z@dropbox.com,F,1991-04-01
361,kcoselya0,Ki,Cosely,kcoselya0@paginegialle.it,F,1980-02-28
362,emolfinoa1,Ely,Molfino,emolfinoa1@vkontakte.ru,M,1960-07-02
363,ttomasuttia2,Ty,Tomasutti,ttomasuttia2@foxnews.com,M,1984-01-10
364,bscripturea3,Byrann,Scripture,bscripturea3@noaa.gov,M,1988-12-12
365,erafflesa4,Emlynne,Raffles,erafflesa4@cornell.edu,F,1979-06-06
366,jkibbeea5,Jodie,Kibbee,jkibbeea5@dailymotion.com,M,1965-11-15
367,spautarda6,Sallyanne,Pautard,spautarda6@a8.net,F,1990-01-28
368,mlovarta7,Malina,Lovart,mlovarta7@so-net.ne.jp,F,1987-05-11
369,tbottomleya8,Theodore,Bottomley,tbottomleya8@ameblo.jp,M,1968-08-17
370,mdurdena9,Maribeth,Durden,mdurdena9@amazon.com,F,1995-04-11
371,sbeechingaa,Shane,Beeching,sbeechingaa@npr.org,F,1960-09-07
372,hbenedekab,Hadria,Benedek,hbenedekab@nature.com,F,1977-09-18
373,mruttyac,Mellie,Rutty,mruttyac@businessweek.com,F,1996-04-24
374,aswinglehurstad,Amble,Swinglehurst,aswinglehurstad@creativecommons.org,M,1993-03-18
375,ldalleyae,Lacee,Dalley,ldalleyae@vkontakte.ru,F,1977-02-11
376,vgillamaf,Vivienne,Gillam,vgillamaf@mashable.com,F,1998-09-09
377,strenowethag,Sheryl,Trenoweth,strenowethag@creativecommons.org,F,1970-02-07
378,adeadmanah,Aryn,Deadman,adeadmanah@amazon.co.uk,F,1988-06-03
379,lrodwayai,Latashia,Rodway,lrodwayai@slate.com,F,1994-10-21
380,lironsideaj,Lynsey,Ironside,lironsideaj@trellian.com,F,1957-10-26
381,kbostockak,Kristos,Bostock,kbostockak@wix.com,M,1956-06-05
382,wgotthardal,Wallie,Gotthard,wgotthardal@shareasale.com,M,1994-06-17
383,sivashkinam,Sigvard,Ivashkin,sivashkinam@symantec.com,M,1972-09-26
384,kchapellean,Krystyna,Chapelle,kchapellean@youtu.be,F,1982-05-27
385,rbazocheao,Roselin,Bazoche,rbazocheao@macromedia.com,F,1961-10-27
386,ebraidwoodap,Elayne,Braidwood,ebraidwoodap@dion.ne.jp,F,1980-10-30
387,dbenedettiniaq,Dareen,Benedettini,dbenedettiniaq@ihg.com,F,1959-06-10
388,smillarar,Serge,Millar,smillarar@plala.or.jp,M,1992-05-27
389,smulranas,Siouxie,Mulran,smulranas@list-manage.com,F,1967-06-07
390,ntozerat,Norrie,Tozer,ntozerat@gmpg.org,M,1981-09-03
391,askeffingtonau,Ardene,Skeffington,askeffingtonau@t-online.de,F,1968-12-03
392,cfeatherav,Carlin,Feather,cfeatherav@a8.net,F,1974-12-15
393,kvequaudaw,Kimbra,Vequaud,kvequaudaw@wordpress.com,F,1954-05-22
394,bfalshawax,Benedicta,Falshaw,bfalshawax@bbc.co.uk,F,1971-10-02
395,mblakeneyay,Marcia,Blakeney,mblakeneyay@jigsy.com,F,1988-11-19
396,agernieraz,Arman,Gernier,agernieraz@addthis.com,M,1981-09-17
397,gridgewellb0,Gleda,Ridgewell,gridgewellb0@printfriendly.com,F,1960-04-12
398,jclarsonb1,Jarrid,Clarson,jclarsonb1@ox.ac.uk,M,1986-01-05
399,echancellorb2,Elfreda,Chancellor,echancellorb2@vinaora.com,F,1954-12-06
400,fjosefsohnb3,Felix,Josefsohn,fjosefsohnb3@list-manage.com,M,1996-01-20
401,hiacobonib4,Hercules,Iacoboni,hiacobonib4@ezinearticles.com,M,1993-10-09
402,pballingalb5,Petronille,Ballingal,pballingalb5@ow.ly,F,1976-12-21
403,swhitmellb6,Sanford,Whitmell,swhitmellb6@indiatimes.com,M,1988-03-14
404,tkinahanb7,Tansy,Kinahan,tkinahanb7@ycombinator.com,F,1999-11-23
405,cdumbareb8,Clayborn,Dumbare,cdumbareb8@angelfire.com,M,1980-06-06
406,jtraynorb9,Jeanna,Traynor,jtraynorb9@usnews.com,F,1987-11-16
407,cweedonba,Charlotte,Weedon,cweedonba@kickstarter.com,F,1971-03-21
408,bspinleybb,Brandie,Spinley,bspinleybb@twitpic.com,F,1950-10-27
409,dfayebc,Dido,Faye,dfayebc@ask.com,F,1965-08-24
410,gskoughmanbd,Gayle,Skoughman,gskoughmanbd@flavors.me,M,1984-05-29
411,afeversbe,Analiese,Fevers,afeversbe@cdbaby.com,F,1976-11-12
412,rrosebf,Rance,Rose,rrosebf@netscape.com,M,1978-12-19
413,scaffinbg,Sullivan,Caffin,scaffinbg@list-manage.com,M,1971-10-05
414,cpowneybh,Chrotoem,Powney,cpowneybh@usatoday.com,M,1982-07-05
415,kkubekbi,Kaylee,Kubek,kkubekbi@123-reg.co.uk,F,1994-03-08
416,ccockroftbj,Clemmie,Cockroft,ccockroftbj@spiegel.de,M,1963-08-03
417,rbarrablebk,Roy,Barrable,rbarrablebk@tumblr.com,M,1962-02-09
418,imoormanbl,Isaiah,Moorman,imoormanbl@usnews.com,M,1978-07-25
419,cwinhambm,Chaunce,Winham,cwinhambm@squidoo.com,M,1956-02-21
420,lgollingbn,Lisette,Golling,lgollingbn@sciencedaily.com,F,1970-09-21
421,adutteridgebo,Aristotle,Dutteridge,adutteridgebo@bloglovin.com,M,1996-02-04
422,helkinbp,Hansiain,Elkin,helkinbp@example.com,M,1959-03-30
423,mpechebq,Modesty,Peche,mpechebq@craigslist.org,F,1981-12-31
424,ctrevearbr,Consuelo,Trevear,ctrevearbr@nationalgeographic.com,F,1965-01-27
425,cbeattybs,Cortie,Beatty,cbeattybs@rediff.com,M,1975-07-11
426,zmelloibt,Zollie,Melloi,zmelloibt@europa.eu,M,1997-09-25
427,rbirkbeckbu,Rhonda,Birkbeck,rbirkbeckbu@studiopress.com,F,1971-11-21
428,jemmbv,Julius,Emm,jemmbv@woothemes.com,M,1966-10-09
429,nhumphrysbw,Ninette,Humphrys,nhumphrysbw@whitehouse.gov,F,1973-11-08
430,waronowiczbx,Winny,Aronowicz,waronowiczbx@tmall.com,M,1998-11-17
431,dshemeltby,Delinda,Shemelt,dshemeltby@omniture.com,F,1992-04-03
432,kasplingbz,Kerwinn,Aspling,kasplingbz@wunderground.com,M,1954-12-21
433,hgregoracic0,Homere,Gregoraci,hgregoracic0@japanpost.jp,M,1951-07-22
434,mpeevorc1,Marylou,Peevor,mpeevorc1@hostgator.com,F,1962-03-29
435,urounsefellc2,Ula,Rounsefell,urounsefellc2@printfriendly.com,F,1971-08-24
436,igallymorec3,Isak,Gallymore,igallymorec3@eepurl.com,M,1978-03-28
437,eleatherlandc4,Elie,Leatherland,eleatherlandc4@goodreads.com,F,1996-11-06
438,npancastc5,Niki,Pancast,npancastc5@shop-pro.jp,M,1998-07-02
439,nbartalettic6,Nyssa,Bartaletti,nbartalettic6@miibeian.gov.cn,F,1997-12-14
440,fhannc7,Freddie,Hann,fhannc7@alibaba.com,M,1974-05-18
441,dsentc8,Darnall,Sent,dsentc8@comsenz.com,M,1959-04-29
442,dridesc9,Denice,Rides,dridesc9@miitbeian.gov.cn,F,1995-04-03
443,toenca,Titus,Oen,toenca@soup.io,M,1977-01-19
444,hlahycb,Hermie,Lahy,hlahycb@sakura.ne.jp,M,1975-11-09
445,bprycecc,Brit,Pryce,bprycecc@oakley.com,M,1977-05-16
446,apiochcd,Arch,Pioch,apiochcd@timesonline.co.uk,M,1980-09-03
447,zwalchce,Zeke,Walch,zwalchce@addtoany.com,M,1996-11-30
448,jcheyneycf,Jarred,Cheyney,jcheyneycf@npr.org,M,1983-12-31
449,dperrencg,Diahann,Perren,dperrencg@artisteer.com,F,1995-05-22
450,bmacfarlandch,Benjamin,MacFarland,bmacfarlandch@jimdo.com,M,1990-02-03
451,ooxendenci,Onfre,Oxenden,ooxendenci@discovery.com,M,1950-03-08
452,mallmencj,Mathew,Allmen,mallmencj@si.edu,M,1986-02-18
453,rmclukieck,Reinold,McLukie,rmclukieck@reverbnation.com,M,1967-07-16
454,gmablycl,Garnet,Mably,gmablycl@csmonitor.com,F,1968-04-22
455,eautencm,Eamon,Auten,eautencm@gravatar.com,M,1987-05-10
456,abursnallcn,Aldous,Bursnall,abursnallcn@mediafire.com,M,1953-12-22
457,caldhamco,Carolee,Aldham,caldhamco@unesco.org,F,1951-02-12
458,mhendercp,Marrilee,Hender,mhendercp@examiner.com,F,1967-11-20
459,shubnercq,Shelden,Hubner,shubnercq@sina.com.cn,M,1970-07-23
460,ctebbothcr,Corrie,Tebboth,ctebbothcr@sciencedirect.com,F,1989-09-05
461,bmanselcs,Buckie,Mansel,bmanselcs@opera.com,M,1962-03-02
462,fdebellct,Filberte,Debell,fdebellct@freewebs.com,M,1986-04-23
463,msigsworthcu,Magdalen,Sigsworth,msigsworthcu@un.org,F,1972-01-22
464,fdumpletoncv,Felicle,Dumpleton,fdumpletoncv@angelfire.com,F,1995-07-24
465,gcasoncw,Gypsy,Cason,gcasoncw@ebay.co.uk,F,1967-05-06
466,blamblecx,Blanca,Lamble,blamblecx@fda.gov,F,1953-08-05
467,ubladescy,Ulrich,Blades,ubladescy@jugem.jp,M,1984-03-04
468,bbaudinetcz,Bernarr,Baudinet,bbaudinetcz@cnn.com,M,1956-08-15
469,btheurerd0,Bary,Theurer,btheurerd0@vkontakte.ru,M,1952-02-23
470,lgrigolid1,Laurianne,Grigoli,lgrigolid1@paypal.com,F,1959-03-29
471,lharmstoned2,Leta,Harmstone,lharmstoned2@jiathis.com,F,1984-12-13
472,leaddyd3,Lorenza,Eaddy,leaddyd3@hubpages.com,F,1952-02-17
473,bdowsed4,Benyamin,Dowse,bdowsed4@guardian.co.uk,M,1959-11-14
474,mlamputtd5,Merrick,Lamputt,mlamputtd5@mapy.cz,M,1983-08-25
475,mclused6,Mace,Cluse,mclused6@yandex.ru,M,1985-03-06
476,ctruemand7,Clarinda,Trueman,ctruemand7@elegantthemes.com,F,1983-07-30
477,fchaineyd8,Francyne,Chainey,fchaineyd8@joomla.org,F,1976-10-20
478,agoldad9,Ash,Golda,agoldad9@europa.eu,M,1993-04-25
479,dspinoda,Donella,Spino,dspinoda@noaa.gov,F,1979-08-11
480,kshenleydb,Kirstyn,Shenley,kshenleydb@yale.edu,F,1979-05-02
481,dbraysherdc,Drusie,Braysher,dbraysherdc@usatoday.com,F,1952-07-30
482,npouredd,Noami,Poure,npouredd@reference.com,F,1950-01-20
483,lcrennande,Lief,Crennan,lcrennande@ehow.com,M,1987-03-24
484,rwhifendf,Ruby,Whifen,rwhifendf@reverbnation.com,M,1951-10-28
485,kzaniolodg,Kyrstin,Zaniolo,kzaniolodg@toplist.cz,F,1989-06-10
486,sterzodh,Saleem,Terzo,sterzodh@mozilla.org,M,1958-03-08
487,cdemagearddi,Cherey,Demageard,cdemagearddi@flavors.me,F,1986-10-27
488,xranscomedj,Xena,Ranscome,xranscomedj@fema.gov,F,1990-07-21
489,wdunlopdk,Willy,Dunlop,wdunlopdk@deviantart.com,M,1978-08-12
490,dchattdl,Darb,Chatt,dchattdl@github.com,F,1999-03-03
491,vbelitzdm,Vannie,Belitz,vbelitzdm@bbb.org,F,1963-10-02
492,esuggatedn,Ethel,Suggate,esuggatedn@posterous.com,F,1988-11-10
493,edugglebydo,Elmer,Duggleby,edugglebydo@sohu.com,M,1979-07-24
494,tklimkovichdp,Tomaso,Klimkovich,tklimkovichdp@dedecms.com,M,1983-11-20
495,hbirkinshawdq,Hester,Birkinshaw,hbirkinshawdq@gov.uk,F,1950-04-29
496,bgrazierdr,Buddy,Grazier,bgrazierdr@ihg.com,M,1967-07-06
497,afilipczakds,Augustine,Filipczak,afilipczakds@jigsy.com,F,1978-01-15
498,ltomalindt,Linzy,Tomalin,ltomalindt@cafepress.com,F,1982-09-01
499,bblenkinsoppdu,Bessie,Blenkinsopp,bblenkinsoppdu@columbia.edu,F,1973-10-23
500,cbutterleydv,Caddric,Butterley,cbutterleydv@youtu.be,M,1990-07-07
501,nnassydw,Noni,Nassy,nnassydw@miitbeian.gov.cn,F,1996-01-12
502,nferrimandx,Nicolina,Ferriman,nferrimandx@etsy.com,F,1951-10-02
503,llaxdy,Lacee,Lax,llaxdy@wisc.edu,F,1962-09-10
504,jkerwindz,Junina,Kerwin,jkerwindz@tinyurl.com,F,1967-05-15
505,rparfreye0,Robin,Parfrey,rparfreye0@cpanel.net,M,1997-07-29
506,zitzcoviche1,Zared,Itzcovich,zitzcoviche1@toplist.cz,M,1982-09-05
507,vkennewelle2,Vikki,Kennewell,vkennewelle2@zdnet.com,F,1980-09-16
508,ghamptone3,Gina,Hampton,ghamptone3@icq.com,F,1976-05-28
509,mstitlee4,Morty,Stitle,mstitlee4@jugem.jp,M,1976-11-14
510,msooleye5,Mortimer,Sooley,msooleye5@foxnews.com,M,1973-12-07
511,vasplene6,Vanda,Asplen,vasplene6@arizona.edu,F,1952-01-23
512,aabramovicze7,Alvie,Abramovicz,aabramovicze7@posterous.com,M,1959-08-15
513,vcorrisone8,Veronique,Corrison,vcorrisone8@businesswire.com,F,1986-12-25
514,aandresse9,Aveline,Andress,aandresse9@skype.com,F,1954-07-24
515,ioshaughnessyea,Ileane,O'Shaughnessy,ioshaughnessyea@360.cn,F,1972-09-22
516,prabjohneb,Pincus,Rabjohn,prabjohneb@umich.edu,M,1992-09-04
517,dhuckeec,Dannie,Hucke,dhuckeec@drupal.org,F,1989-12-25
518,tretallicked,Theodora,Retallick,tretallicked@imgur.com,F,1981-09-21
519,phalsallee,Patience,Halsall,phalsallee@theatlantic.com,F,1984-07-20
520,acorsaref,Alfreda,Corsar,acorsaref@reddit.com,F,1951-12-12
521,arothermeleg,Alvina,Rothermel,arothermeleg@biglobe.ne.jp,F,1961-05-05
522,hdiboldieh,Hyacinthie,Di Boldi,hdiboldieh@purevolume.com,F,1999-11-20
523,gclooneyei,Godwin,Clooney,gclooneyei@army.mil,M,1967-04-20
524,chyneej,Carlota,Hyne,chyneej@adobe.com,F,1988-11-18
525,bkaleek,Brnaby,Kale,bkaleek@dailymotion.com,M,1989-09-13
526,obeavingtonel,Otto,Beavington,obeavingtonel@dyndns.org,M,1974-12-21
527,gcastagnetoem,Giulio,Castagneto,gcastagnetoem@about.com,M,1961-11-20
528,gstubbesen,Gordon,Stubbes,gstubbesen@freewebs.com,M,1958-11-29
529,btironeeo,Berkie,Tirone,btironeeo@hc360.com,M,1954-12-20
530,gskerrittep,Gal,Skerritt,gskerrittep@spotify.com,M,1970-01-24
531,rdaceeq,Roselia,Dace,rdaceeq@goodreads.com,F,1964-08-10
532,partharser,Pavlov,Arthars,partharser@cloudflare.com,M,1960-06-01
533,emignotes,Emiline,Mignot,emignotes@vistaprint.com,F,1981-03-31
534,mmoringet,Madge,Moring,mmoringet@wunderground.com,F,1991-06-06
535,ymurrilleu,Yard,Murrill,ymurrilleu@reverbnation.com,M,1955-06-30
536,narbuckleev,Nomi,Arbuckle,narbuckleev@cnn.com,F,1972-03-08
537,ttellenbrokerew,Tad,Tellenbroker,ttellenbrokerew@bloglines.com,M,1977-11-05
538,wcorkellex,Willi,Corkell,wcorkellex@infoseek.co.jp,F,1952-06-19
539,rfrodshamey,Rora,Frodsham,rfrodshamey@jigsy.com,F,1956-06-24
540,pbraddonez,Price,Braddon,pbraddonez@reuters.com,M,1982-09-19
541,cleagasf0,Courtney,Leagas,cleagasf0@so-net.ne.jp,M,1961-03-10
542,mlabusquieref1,Mart,Labusquiere,mlabusquieref1@technorati.com,M,1986-06-23
543,lgoodsallf2,Lane,Goodsall,lgoodsallf2@nasa.gov,M,1981-04-02
544,cedlingtonf3,Cam,Edlington,cedlingtonf3@google.cn,F,1993-01-21
545,ddellenbrokf4,Dunc,Dellenbrok,ddellenbrokf4@samsung.com,M,1998-08-19
546,jskimf5,Juanita,Skim,jskimf5@indiatimes.com,F,1956-10-30
547,ngrevesonf6,Norby,Greveson,ngrevesonf6@printfriendly.com,M,1992-05-16
548,cofairyf7,Corbet,O'Fairy,cofairyf7@toplist.cz,M,1981-01-18
549,jfullagerf8,Jody,Fullager,jfullagerf8@edublogs.org,M,1997-08-21
550,bklimschf9,Bevin,Klimsch,bklimschf9@topsy.com,M,1978-12-15
551,mmowsdalefa,Mitchell,Mowsdale,mmowsdalefa@harvard.edu,M,1951-04-15
552,lmandelfb,Lorin,Mandel,lmandelfb@tmall.com,M,1990-02-02
553,hhutonfc,Hartwell,Huton,hhutonfc@adobe.com,M,1983-10-21
554,dlincefd,Donielle,Lince,dlincefd@soup.io,F,1961-09-03
555,cgristfe,Cristian,Grist,cgristfe@deliciousdays.com,M,1962-06-06
556,pbrownff,Pearla,Brown,pbrownff@fc2.com,F,1989-10-26
557,acellonifg,Agnola,Celloni,acellonifg@un.org,F,1980-06-29
558,fburthomfh,Frasco,Burthom,fburthomfh@mtv.com,M,1999-04-23
559,mitzkinfi,Mata,Itzkin,mitzkinfi@parallels.com,M,1961-01-29
560,btortoishellfj,Blisse,Tortoishell,btortoishellfj@icio.us,F,1979-09-03
561,kmaudfk,Kacy,Maud,kmaudfk@adobe.com,F,1973-02-03
562,icapperfl,Isidro,Capper,icapperfl@senate.gov,M,1997-05-24
563,mlocklessfm,Marsh,Lockless,mlocklessfm@chronoengine.com,M,1969-12-07
564,cscripturefn,Codee,Scripture,cscripturefn@bbb.org,F,1979-06-09
565,odumbellowfo,Odetta,Dumbellow,odumbellowfo@nba.com,F,1985-12-25
566,rnewshamfp,Reeva,Newsham,rnewshamfp@census.gov,F,1970-06-04
567,jgirardonifq,Jorgan,Girardoni,jgirardonifq@deliciousdays.com,M,1953-09-03
568,fhatherleighfr,Fonsie,Hatherleigh,fhatherleighfr@twitter.com,M,1995-01-01
569,teacottfs,Trescha,Eacott,teacottfs@yandex.ru,F,1964-11-19
570,dstenbridgeft,Desdemona,Stenbridge,dstenbridgeft@aol.com,F,1997-02-14
571,fcardellofu,Fey,Cardello,fcardellofu@umn.edu,F,1974-10-26
572,ahendriksefv,Arlyn,Hendrikse,ahendriksefv@rakuten.co.jp,F,1966-10-22
573,gstebbingsfw,Gaby,Stebbings,gstebbingsfw@admin.ch,F,1992-09-17
574,bfaithornfx,Bambie,Faithorn,bfaithornfx@google.fr,F,1970-11-22
575,mhurstfy,Madison,Hurst,mhurstfy@arstechnica.com,M,1955-12-30
576,shounshamfz,Stanly,Hounsham,shounshamfz@comsenz.com,M,1972-08-21
577,ohardistyg0,Orlando,Hardisty,ohardistyg0@techcrunch.com,M,1959-06-21
578,rmadgettg1,Reinhard,Madgett,rmadgettg1@free.fr,M,1950-06-14
579,ofatharlyg2,Olimpia,Fatharly,ofatharlyg2@businesswire.com,F,1961-04-23
580,bneubiging3,Betti,Neubigin,bneubiging3@fda.gov,F,1966-11-04
581,bgummowg4,Bronnie,Gummow,bgummowg4@blogspot.com,M,1979-05-21
582,bcakesg5,Brose,Cakes,bcakesg5@google.cn,M,1968-05-11
583,hcattrallg6,Horace,Cattrall,hcattrallg6@arstechnica.com,M,1970-12-06
584,sfarmloeg7,Sean,Farmloe,sfarmloeg7@amazon.de,M,1954-10-02
585,bkeersg8,Bud,Keers,bkeersg8@chronoengine.com,M,1960-11-13
586,messexg9,Marc,Essex,messexg9@sbwire.com,M,1995-03-03
587,cscempga,Carson,Scemp,cscempga@slideshare.net,M,1997-05-28
588,geastopgb,Gus,Eastop,geastopgb@blogger.com,F,1964-06-01
589,flabbgc,Findlay,Labb,flabbgc@creativecommons.org,M,1984-06-03
590,gsiddlegd,Gradeigh,Siddle,gsiddlegd@amazon.co.jp,M,1955-07-20
591,mcairneyge,Marianne,Cairney,mcairneyge@mapquest.com,F,1973-07-05
592,eantunezgf,Elmore,Antunez,eantunezgf@photobucket.com,M,1981-07-29
593,dcroydongg,Domenic,Croydon,dcroydongg@youku.com,M,1962-02-16
594,hbearcroftgh,Harli,Bearcroft,hbearcroftgh@ifeng.com,F,1994-01-11
595,kjoslingi,Kassia,Joslin,kjoslingi@redcross.org,F,1999-04-25
596,dpedrigj,Drucie,Pedri,dpedrigj@homestead.com,F,1987-01-01
597,cdodgshungk,Christopher,Dodgshun,cdodgshungk@washingtonpost.com,M,1998-11-09
598,kcanedogl,Kimble,Canedo,kcanedogl@ask.com,M,1960-02-16
599,lbedingm,Lissie,Bedin,lbedingm@ucsd.edu,F,1996-06-13
600,jsaverygn,Julietta,Savery,jsaverygn@engadget.com,F,1954-11-21
601,bmillhousego,Baillie,Millhouse,bmillhousego@deliciousdays.com,M,1990-01-31
602,cplaingp,Clarinda,Plain,cplaingp@newyorker.com,F,1997-07-31
603,ojanatagq,Onida,Janata,ojanatagq@51.la,F,1962-09-08
604,soglegr,Stacee,Ogle,soglegr@latimes.com,M,1999-09-30
605,mmccloudgs,Mattheus,McCloud,mmccloudgs@china.com.cn,M,1962-12-29
606,dsalzburgergt,Dare,Salzburger,dsalzburgergt@stumbleupon.com,M,1990-07-09
607,smoyseygu,Salli,Moysey,smoyseygu@auda.org.au,F,1995-01-21
608,gveazeygv,Gamaliel,Veazey,gveazeygv@godaddy.com,M,1953-04-03
609,mstebbinsgw,Myranda,Stebbins,mstebbinsgw@pen.io,F,1951-09-24
610,gstudmangx,Gertrud,Studman,gstudmangx@tiny.cc,F,1962-07-02
611,aduggongy,Angelo,Duggon,aduggongy@wunderground.com,M,1952-12-18
612,kleiskgz,Kay,Leisk,kleiskgz@theatlantic.com,F,1958-12-09
613,bellwandh0,Bord,Ellwand,bellwandh0@arizona.edu,M,1955-03-22
614,celpheyh1,Clark,Elphey,celpheyh1@washington.edu,M,1956-01-10
615,bcaddieh2,Brennen,Caddie,bcaddieh2@studiopress.com,M,1995-05-26
616,eferoh3,Eldredge,Fero,eferoh3@pagesperso-orange.fr,M,1994-10-25
617,iwinchcumh4,Isacco,Winchcum,iwinchcumh4@shinystat.com,M,1991-03-11
618,temneyh5,Tisha,Emney,temneyh5@gizmodo.com,F,1951-05-23
619,kedelmanh6,Kristan,Edelman,kedelmanh6@sbwire.com,F,1957-03-02
620,apeeterh7,Abigael,Peeter,apeeterh7@example.com,F,1994-12-01
621,aquernelh8,Angy,Quernel,aquernelh8@dagondesign.com,F,1993-01-29
622,snormavilleh9,Susette,Normaville,snormavilleh9@businesswire.com,F,1984-02-05
623,mlowingsha,Mason,Lowings,mlowingsha@hugedomains.com,M,1963-05-16
624,smeritthb,Shalna,Meritt,smeritthb@ezinearticles.com,F,1950-07-29
625,awalrondhc,Annmaria,Walrond,awalrondhc@theglobeandmail.com,F,1975-03-14
626,ggilphillanhd,Gwyn,Gilphillan,ggilphillanhd@blinklist.com,F,1953-03-31
627,dgarehe,Del,Gare,dgarehe@aol.com,M,1969-11-16
628,iswainshf,Ilyse,Swains,iswainshf@apple.com,F,1989-11-19
629,treahg,Tallie,Rea,treahg@time.com,M,1991-12-03
630,tpriorhh,Torrence,Prior,tpriorhh@microsoft.com,M,1950-12-21
631,nwillwoodhi,Neysa,Willwood,nwillwoodhi@google.com.br,F,1972-02-09
632,anibleyhj,Alwin,Nibley,anibleyhj@ycombinator.com,M,1993-10-07
633,wstenerhk,Wylma,Stener,wstenerhk@miitbeian.gov.cn,F,1993-08-02
634,mpiletichl,Mel,Piletic,mpiletichl@quantcast.com,M,1966-02-09
635,dlangloishm,Dre,L' Anglois,dlangloishm@imdb.com,F,1972-11-05
636,ccossonshn,Curry,Cossons,ccossonshn@mapy.cz,M,1959-01-28
637,ckornousekho,Courtney,Kornousek,ckornousekho@jiathis.com,M,1965-10-02
638,jgreenlieshp,Jaimie,Greenlies,jgreenlieshp@reverbnation.com,F,1965-11-19
639,gmuccinohq,George,Muccino,gmuccinohq@mozilla.com,M,1987-11-08
640,qkitcatthr,Quentin,Kitcatt,qkitcatthr@scribd.com,F,1965-01-27
641,fsiudahs,Franklyn,Siuda,fsiudahs@usgs.gov,M,1997-05-13
642,mmaseykht,Maribeth,Maseyk,mmaseykht@php.net,F,1959-05-24
643,mmillberghu,Micaela,Millberg,mmillberghu@skyrock.com,F,1959-04-03
644,egallaherhv,Ewart,Gallaher,egallaherhv@utexas.edu,M,1971-12-28
645,pheisterhw,Phelia,Heister,pheisterhw@nydailynews.com,F,1962-10-01
646,mbrixhamhx,Marjy,Brixham,mbrixhamhx@goodreads.com,F,1959-09-29
647,dwoodyerhy,Diann,Woodyer,dwoodyerhy@cafepress.com,F,1963-03-27
648,mklicherhz,Matthus,Klicher,mklicherhz@army.mil,M,1978-07-09
649,texleyi0,Tadeas,Exley,texleyi0@liveinternet.ru,M,1963-06-11
650,astandleyi1,Arlette,Standley,astandleyi1@sina.com.cn,F,1988-08-31
651,ycrotheri2,Yard,Crother,ycrotheri2@is.gd,M,1956-08-16
652,mbarlacei3,Mychal,Barlace,mbarlacei3@pen.io,M,1950-06-02
653,furchi4,Finlay,Urch,furchi4@ibm.com,M,1976-03-09
654,atoderinii5,Aubrey,Toderini,atoderinii5@a8.net,M,1952-05-27
655,rbrabini6,Robenia,Brabin,rbrabini6@w3.org,F,1994-01-21
656,scornfordi7,Saleem,Cornford,scornfordi7@soundcloud.com,M,1954-01-26
657,gskeai8,Georgie,Skea,gskeai8@storify.com,M,1996-10-24
658,cfilipponii9,Calv,Filipponi,cfilipponii9@free.fr,M,1954-08-14
659,rcackettia,Ruby,Cackett,rcackettia@blogspot.com,F,1966-03-02
660,dgoncavesib,Denna,Goncaves,dgoncavesib@alexa.com,F,1957-05-01
661,toslaric,Tobie,Oslar,toslaric@phpbb.com,M,1960-03-29
662,dhenzleyid,Doy,Henzley,dhenzleyid@typepad.com,M,1965-09-14
663,olorentzenie,Omero,Lorentzen,olorentzenie@dmoz.org,M,1953-08-27
664,ceisikowitchif,Coleen,Eisikowitch,ceisikowitchif@uol.com.br,F,1992-12-01
665,hspoursig,Hillel,Spours,hspoursig@com.com,M,1958-03-17
666,kjoyeih,Katherina,Joye,kjoyeih@chronoengine.com,F,1958-11-27
667,msilburnii,Mord,Silburn,msilburnii@un.org,M,1995-10-03
668,rmynardij,Rachael,Mynard,rmynardij@smh.com.au,F,1958-10-02
669,mgeggik,Mariellen,Gegg,mgeggik@walmart.com,F,1954-04-18
670,slaffranconiil,Sammy,Laffranconi,slaffranconiil@amazon.com,M,1954-12-05
671,ubakerim,Ulrick,Baker,ubakerim@kickstarter.com,M,1998-03-07
672,ngriffittin,Nert,Griffitt,ngriffittin@cam.ac.uk,F,1992-12-18
673,amuttockio,Addy,Muttock,amuttockio@mail.ru,M,1952-08-02
674,jbrettleip,Jessie,Brettle,jbrettleip@opera.com,M,1952-10-10
675,letchesiq,Laurice,Etches,letchesiq@cnbc.com,F,1980-07-29
676,bjellisir,Buddie,Jellis,bjellisir@cnn.com,M,1990-09-01
677,lfrenscheis,Leoline,Frensche,lfrenscheis@cdc.gov,F,1991-03-13
678,lawcockit,Loise,Awcock,lawcockit@army.mil,F,1971-07-20
679,emargettiu,Eugene,Margett,emargettiu@mlb.com,M,1957-11-15
680,vswaffordiv,Von,Swafford,vswaffordiv@reddit.com,M,1953-02-28
681,detridgeiw,Dell,Etridge,detridgeiw@redcross.org,M,1992-10-24
682,crosix,Claudell,Ros,crosix@wp.com,M,1975-02-13
683,jrolfsiy,Jorrie,Rolfs,jrolfsiy@ca.gov,F,1950-11-11
684,mwyldesiz,Mohammed,Wyldes,mwyldesiz@nyu.edu,M,1990-11-16
685,imuscatj0,Ilene,Muscat,imuscatj0@a8.net,F,1952-01-28
686,bbaglinj1,Brooks,Baglin,bbaglinj1@hexun.com,F,1977-08-21
687,fcordelettej2,Forbes,Cordelette,fcordelettej2@disqus.com,M,1989-01-04
688,etibbj3,Elias,Tibb,etibbj3@cargocollective.com,M,1950-09-03
689,czimmermeisterj4,Clea,Zimmermeister,czimmermeisterj4@seattletimes.com,F,1978-03-13
690,rguihenj5,Rosette,Guihen,rguihenj5@sun.com,F,1969-02-03
691,kormistonej6,Kory,Ormistone,kormistonej6@nymag.com,M,1961-12-26
692,ghaydonj7,Gardner,Haydon,ghaydonj7@mysql.com,M,1989-09-25
693,rcovinoj8,Reed,covino,rcovinoj8@ox.ac.uk,M,1963-07-04
694,kcayfordj9,Kirbee,Cayford,kcayfordj9@lycos.com,F,1952-09-23
695,lnisetja,Lee,Niset,lnisetja@msu.edu,M,1960-12-27
696,aolynnjb,Amos,O'Lynn,aolynnjb@nyu.edu,M,1982-07-08
697,jsmittonjc,Jimmy,Smitton,jsmittonjc@apache.org,M,1995-07-01
698,mlatterjd,Michell,Latter,mlatterjd@sphinn.com,F,1980-03-19
699,hodellje,Hy,O'dell,hodellje@va.gov,M,1967-12-10
700,dlebretonjf,Danell,Le Breton,dlebretonjf@theguardian.com,F,1964-10-29
701,tbartolomeujg,Thorsten,Bartolomeu,tbartolomeujg@marriott.com,M,1966-12-09
702,jcorraojh,Junina,Corrao,jcorraojh@youku.com,F,1993-04-26
703,celixji,Charlena,Elix,celixji@ucsd.edu,F,1993-10-27
704,cperejj,Clarita,Pere,cperejj@sciencedirect.com,F,1994-08-12
705,nrathbournejk,Nealy,Rathbourne,nrathbournejk@google.es,M,1996-04-12
706,mmccullumjl,Minda,McCullum,mmccullumjl@howstuffworks.com,F,1957-07-14
707,fkeaseyjm,Freddi,Keasey,fkeaseyjm@chronoengine.com,F,1964-11-14
708,aiannettijn,Amalea,Iannetti,aiannettijn@chicagotribune.com,F,1951-06-11
709,hghiraldijo,Huntlee,Ghiraldi,hghiraldijo@cocolog-nifty.com,M,1963-05-31
710,skassidyjp,Saunder,Kassidy,skassidyjp@netvibes.com,M,1956-03-07
711,dmappjq,Donnie,Mapp,dmappjq@washingtonpost.com,F,1952-01-19
712,lpeetermannjr,Laurella,Peetermann,lpeetermannjr@ustream.tv,F,1952-09-30
713,lsherebrookejs,Lana,Sherebrooke,lsherebrookejs@oracle.com,F,1963-12-09
714,bmacallasterjt,Beverlie,MacAllaster,bmacallasterjt@hc360.com,F,1997-04-20
715,rcastillouju,Riley,Castillou,rcastillouju@bigcartel.com,M,1982-06-15
716,ewoodjv,Elonore,Wood,ewoodjv@networksolutions.com,F,1952-10-03
717,jgiorgiellijw,Jens,Giorgielli,jgiorgiellijw@wiley.com,M,1985-05-19
718,nessexjx,Northrup,Essex,nessexjx@omniture.com,M,1988-06-10
719,rparrisjy,Rosalinda,Parris,rparrisjy@blogger.com,F,1969-11-21
720,dlearjz,Dmitri,Lear,dlearjz@storify.com,M,1996-12-20
721,stomaszk0,Shelly,Tomasz,stomaszk0@ftc.gov,F,1995-08-11
722,bcuretonk1,Bert,Cureton,bcuretonk1@youtu.be,M,1975-11-04
723,kgaylordk2,Koren,Gaylord,kgaylordk2@webnode.com,F,1985-08-12
724,ajeppk3,Antone,Jepp,ajeppk3@latimes.com,M,1993-11-08
725,wnolderk4,Winfield,Nolder,wnolderk4@skyrock.com,M,1971-06-14
726,mambrosik5,Misha,Ambrosi,mambrosik5@gravatar.com,F,1986-08-18
727,sbangsk6,Sybila,Bangs,sbangsk6@fc2.com,F,1953-08-29
728,amcgarrityk7,Andres,McGarrity,amcgarrityk7@nifty.com,M,1982-08-31
729,wmccombek8,Whitby,Mc Combe,wmccombek8@wikipedia.org,M,1972-05-02
730,jslaynyk9,Jens,Slayny,jslaynyk9@wp.com,M,1996-01-27
731,lblackmoorka,Lynda,Blackmoor,lblackmoorka@tripadvisor.com,F,1975-06-10
732,adurankb,Augustus,Duran,adurankb@microsoft.com,M,1990-09-14
733,bcassellkc,Boonie,Cassell,bcassellkc@guardian.co.uk,M,1987-04-17
734,iforkankd,Irv,Forkan,iforkankd@paginegialle.it,M,1990-01-12
735,cjanicke,Cilka,Janic,cjanicke@usnews.com,F,1996-06-21
736,sshepcuttkf,Shaylyn,Shepcutt,sshepcuttkf@admin.ch,F,1959-02-17
737,cburlesskg,Clementine,Burless,cburlesskg@loc.gov,F,1978-06-26
738,ovoadenkh,Odilia,Voaden,ovoadenkh@time.com,F,1999-12-13
739,dgallanderski,Devin,Gallanders,dgallanderski@go.com,M,1983-01-02
740,clentkj,Cornela,Lent,clentkj@cnn.com,F,1997-08-04
741,pizaackk,Petronia,Izaac,pizaackk@cam.ac.uk,F,1964-07-30
742,tmardollkl,Trev,Mardoll,tmardollkl@blogs.com,M,1989-08-04
743,rreasonkm,Riki,Reason,rreasonkm@europa.eu,F,1960-06-27
744,wouslemkn,Wilden,Ouslem,wouslemkn@liveinternet.ru,M,1974-05-05
745,amcclaryko,Alva,McClary,amcclaryko@sciencedaily.com,M,1979-07-16
746,fjouenkp,Fayre,Jouen,fjouenkp@google.com.au,F,1958-06-01
747,cwhitefootkq,Chickie,Whitefoot,cwhitefootkq@thetimes.co.uk,F,1969-07-11
748,jdallawaykr,Jordain,Dallaway,jdallawaykr@hud.gov,F,1965-08-08
749,gkattenhornks,Giffie,Kattenhorn,gkattenhornks@posterous.com,M,1973-12-28
750,pbarratkt,Pen,Barrat,pbarratkt@4shared.com,M,1957-11-05
751,klysaghtku,Korie,Lysaght,klysaghtku@state.tx.us,F,1975-04-12
752,pscroxtonkv,Phillipp,Scroxton,pscroxtonkv@youku.com,M,1983-04-10
753,tdybaldkw,Tamqrah,Dybald,tdybaldkw@newyorker.com,F,1983-06-04
754,bdinjeskx,Bud,Dinjes,bdinjeskx@amazon.co.uk,M,1971-03-14
755,bfarlamky,Bennie,Farlam,bfarlamky@skyrock.com,M,1997-06-16
756,ldulenkz,Liliane,Dulen,ldulenkz@fastcompany.com,F,1950-12-15
757,ldeboyl0,Lauree,Deboy,ldeboyl0@multiply.com,F,1973-11-07
758,estanyerl1,Engelbert,Stanyer,estanyerl1@ucoz.com,M,1982-07-13
759,lgaytorl2,Lani,Gaytor,lgaytorl2@hud.gov,F,1961-04-10
760,jshippardl3,Jarrett,Shippard,jshippardl3@unc.edu,M,1990-12-29
761,jclowneyl4,Jermayne,Clowney,jclowneyl4@msu.edu,M,1995-02-08
762,bsibunl5,Barton,Sibun,bsibunl5@xinhuanet.com,M,1980-05-28
763,kmcvronel6,Kiley,McVrone,kmcvronel6@cnet.com,M,1979-05-26
764,cmclayl7,Cyrille,McLay,cmclayl7@wufoo.com,M,1965-02-15
765,swraggsl8,Steffie,Wraggs,swraggsl8@angelfire.com,F,1974-03-04
766,rsantol9,Rosalynd,Santo,rsantol9@intel.com,F,1953-10-01
767,tmingamela,Taylor,Mingame,tmingamela@yahoo.co.jp,M,1991-12-17
768,hbruinlb,Harv,Bruin,hbruinlb@mayoclinic.com,M,1983-10-16
769,whartmanlc,Wallie,Hartman,whartmanlc@earthlink.net,M,1972-12-26
770,kmcarthurld,Kameko,McArthur,kmcarthurld@ft.com,F,1963-08-21
771,lelionle,Lesya,Elion,lelionle@plala.or.jp,F,1961-09-03
772,jmullingerlf,Jamaal,Mullinger,jmullingerlf@wikipedia.org,M,1960-05-29
773,ypratleylg,Yvon,Pratley,ypratleylg@cornell.edu,M,1997-02-24
774,hmcdonandlh,Hartley,McDonand,hmcdonandlh@nasa.gov,M,1995-04-24
775,tmeahli,Timothea,Meah,tmeahli@histats.com,F,1996-04-08
776,sjacobssonlj,Suzanna,Jacobsson,sjacobssonlj@i2i.jp,F,1995-09-01
777,brenaultlk,Bevan,Renault,brenaultlk@cbsnews.com,M,1958-05-21
778,vmcguiganll,Vito,McGuigan,vmcguiganll@wsj.com,M,1968-10-24
779,omorradlm,Osmund,Morrad,omorradlm@washingtonpost.com,M,1977-06-26
780,sthurlowln,Skye,Thurlow,sthurlowln@stanford.edu,M,1954-07-31
781,tkleynermanslo,Townie,Kleynermans,tkleynermanslo@howstuffworks.com,M,1975-01-13
782,bdecastrilp,Betsey,De Castri,bdecastrilp@pinterest.com,F,1992-11-02
783,jpippinglq,Jacintha,Pipping,jpippinglq@guardian.co.uk,F,1981-05-10
784,gmaffullilr,Gran,Maffulli,gmaffullilr@live.com,M,1956-10-07
785,fgiacoppols,Fidelity,Giacoppo,fgiacoppols@weibo.com,F,1993-09-07
786,gherremalt,Godart,Herrema,gherremalt@cmu.edu,M,1966-09-30
787,kmcneillu,Kennedy,McNeil,kmcneillu@privacy.gov.au,M,1982-01-07
788,mlongmanlv,Monique,Longman,mlongmanlv@cbslocal.com,F,1963-04-03
789,msymonlw,Maxie,Symon,msymonlw@abc.net.au,F,1989-06-08
790,dgrimsdithlx,Dicky,Grimsdith,dgrimsdithlx@mail.ru,M,1971-05-28
791,bbarlacely,Benoit,Barlace,bbarlacely@simplemachines.org,M,1954-05-07
792,cthurlbornlz,Carlynn,Thurlborn,cthurlbornlz@google.co.uk,F,1970-07-16
793,frappam0,Franny,Rappa,frappam0@ezinearticles.com,M,1971-11-28
794,pcunnowm1,Palmer,Cunnow,pcunnowm1@digg.com,M,1988-11-24
795,bstatefieldm2,Barnard,Statefield,bstatefieldm2@bravesites.com,M,1997-03-17
796,sleadm3,Shepperd,Lead,sleadm3@paginegialle.it,M,1993-09-10
797,lsaffranm4,Lori,Saffran,lsaffranm4@is.gd,F,1984-02-28
798,tcribbinsm5,Tony,Cribbins,tcribbinsm5@nymag.com,F,1967-02-18
799,mmacaughtriem6,Marybelle,MacAughtrie,mmacaughtriem6@admin.ch,F,1951-10-02
800,abeagriem7,Alf,Beagrie,abeagriem7@xinhuanet.com,M,1985-03-02
801,zcasonem8,Zacharia,Casone,zcasonem8@zimbio.com,M,1967-06-20
802,glalorm9,Gigi,Lalor,glalorm9@whitehouse.gov,F,1986-09-26
803,ehartma,Emmalynn,Hart,ehartma@storify.com,F,1959-07-03
804,rcomomb,Rudolfo,Como,rcomomb@reddit.com,M,1967-10-16
805,drollomc,Datha,Rollo,drollomc@sciencedaily.com,F,1977-04-03
806,talvaromd,Terry,Alvaro,talvaromd@cbslocal.com,M,1968-09-28
807,sdunwoodyme,Syd,Dunwoody,sdunwoodyme@tumblr.com,M,1962-02-08
808,ppertonmf,Panchito,Perton,ppertonmf@furl.net,M,1979-07-02
809,klarciermg,Krystalle,Larcier,klarciermg@icq.com,F,1981-11-02
810,ibaishmh,Iolande,Baish,ibaishmh@chicagotribune.com,F,1979-06-28
811,credwingmi,Collin,Redwing,credwingmi@360.cn,M,1975-07-07
812,alinsteadmj,Alfonso,Linstead,alinsteadmj@tuttocitta.it,M,1959-07-17
813,abrokemk,Abelard,Broke,abrokemk@wisc.edu,M,1973-11-01
814,iredwingml,Ingra,Redwing,iredwingml@comsenz.com,M,1962-07-31
815,eallottmm,Ellis,Allott,eallottmm@netlog.com,M,1962-07-23
816,hcrowthmn,Hadrian,Crowth,hcrowthmn@businessinsider.com,M,1976-07-19
817,hdunnemo,Holly,Dunne,hdunnemo@printfriendly.com,F,1992-07-24
818,kdowleymp,Karoly,Dowley,kdowleymp@nifty.com,M,1988-07-17
819,yferneymq,Yasmeen,Ferney,yferneymq@devhub.com,F,1966-11-06
820,gferneyhoughmr,Giovanna,Ferneyhough,gferneyhoughmr@ifeng.com,F,1995-01-04
821,vbeloems,Veda,Beloe,vbeloems@oakley.com,F,1954-02-05
822,mlippattmt,Monti,Lippatt,mlippattmt@mayoclinic.com,M,1984-11-29
823,phobbemamu,Putnam,Hobbema,phobbemamu@freewebs.com,M,1993-09-04
824,cadolphinemv,Carlina,Adolphine,cadolphinemv@yahoo.co.jp,F,1975-03-24
825,tgiovannaccimw,Tremain,Giovannacc@i,tgiovannaccimw@miibeian.gov.cn,M,1984-01-13
826,kbreslauermx,Kaleena,Breslauer,kbreslauermx@aboutads.info,F,1999-08-31
827,lagettmy,Lil,Agett,lagettmy@rakuten.co.jp,F,1965-02-24
828,mbarukhmz,Maryanne,Barukh,mbarukhmz@theatlantic.com,F,1965-08-19
829,odowbakinn0,Owen,Dowbakin,odowbakinn0@jimdo.com,M,1986-11-22
830,mdrann1,Munroe,Dran,mdrann1@webs.com,M,1961-02-07
831,bmansfordn2,Babita,Mansford,bmansfordn2@dmoz.org,F,1977-03-30
832,gdonahern3,Geoffrey,Donaher,gdonahern3@t-online.de,M,1976-10-28
833,dgiorgionin4,Daune,Giorgioni,dgiorgionin4@dagondesign.com,F,1955-08-20
834,mcholmondeleyn5,Mano,Cholmondeley,mcholmondeleyn5@comcast.net,M,1965-08-12
835,villwelln6,Vin,Illwell,villwelln6@globo.com,M,1970-02-26
836,mcreggann7,Monro,Creggan,mcreggann7@cam.ac.uk,M,1965-10-06
837,fpickavantn8,Fitz,Pickavant,fpickavantn8@npr.org,M,1988-11-06
838,thowbrookn9,Tallie,Howbrook,thowbrookn9@timesonline.co.uk,M,1994-06-28
839,ccodyna,Culver,Cody,ccodyna@scientificamerican.com,M,1977-01-01
840,dhastewellnb,Dodi,Hastewell,dhastewellnb@wordpress.org,F,1962-02-08
841,hhumbernc,Hashim,Humber,hhumbernc@amazonaws.com,M,1996-04-22
842,lfrankcombnd,Lowell,Frankcomb,lfrankcombnd@washingtonpost.com,M,1991-11-24
843,tbramene,Thornie,Brame,tbramene@economist.com,M,1994-10-15
844,mnormavillenf,Myrta,Normaville,mnormavillenf@amazonaws.com,F,1973-07-12
845,ssherrellng,Sidonia,Sherrell,ssherrellng@illinois.edu,F,1970-03-18
846,lalgernh,Lorraine,Alger,lalgernh@webeden.co.uk,F,1996-05-20
847,hvanderlindeni,Heidie,Van der Linde,hvanderlindeni@phpbb.com,F,1967-01-28
848,krummernj,Ker,Rummer,krummernj@phoca.cz,M,1986-08-06
849,mhousamannk,Maudie,Housaman,mhousamannk@moonfruit.com,F,1987-07-06
850,jemmsnl,Jake,Emms,jemmsnl@uiuc.edu,M,1953-02-16
851,crossandernm,Clem,Rossander,crossandernm@soundcloud.com,M,1973-03-01
852,bwolstencroftnn,Bram,Wolstencroft,bwolstencroftnn@ucoz.ru,M,1977-09-13
853,hgiraudyno,Hort,Giraudy,hgiraudyno@4shared.com,M,1950-01-20
854,ascarenp,Arte,Scare,ascarenp@hostgator.com,M,1985-03-09
855,eboalernq,Esta,Boaler,eboalernq@youku.com,F,1955-11-26
856,gokendennr,Gris,Okenden,gokendennr@ed.gov,M,1983-09-05
857,mrudigerns,Mariam,Rudiger,mrudigerns@networkadvertising.org,F,1955-07-22
858,jtiesmannt,Jedd,Tiesman,jtiesmannt@wikipedia.org,M,1966-06-16
859,imomerynu,Ivan,Momery,imomerynu@dagondesign.com,M,1956-09-17
860,gmulrenannv,Gabriel,Mulrenan,gmulrenannv@mail.ru,M,1958-06-02
861,swarrellnw,Sigfried,Warrell,swarrellnw@elegantthemes.com,M,1988-02-10
862,bsamsnx,Burty,Sams,bsamsnx@auda.org.au,M,1953-08-03
863,ccoumbeny,Correy,Coumbe,ccoumbeny@hostgator.com,F,1962-03-21
864,cshakeladynz,Clementine,Shakelady,cshakeladynz@bigcartel.com,F,1986-02-06
865,ddavineto0,Dill,Davinet,ddavineto0@gnu.org,M,1982-07-10
866,icressinghamo1,Immanuel,Cressingham,icressinghamo1@microsoft.com,M,1964-06-09
867,ttomickio2,Tish,Tomicki,ttomickio2@icq.com,F,1988-08-05
868,lbreinlo3,Lane,Breinl,lbreinlo3@cmu.edu,M,1952-10-14
869,gwellwoodo4,Gussy,Wellwood,gwellwoodo4@huffingtonpost.com,F,1960-11-17
870,gmccrossano5,Ganny,McCrossan,gmccrossano5@vimeo.com,M,1956-11-17
871,msoldano6,Maude,Soldan,msoldano6@nyu.edu,F,1993-06-26
872,hburleyo7,Hakim,Burley,hburleyo7@twitpic.com,M,1976-08-20
873,lvelldeno8,Lana,Vellden,lvelldeno8@cisco.com,F,1974-12-30
874,kberndseno9,Keen,Berndsen,kberndseno9@blogtalkradio.com,M,1994-08-15
875,etrigwelloa,Eliza,Trigwell,etrigwelloa@oakley.com,F,1978-03-09
876,gdockertyob,Gregorius,Dockerty,gdockertyob@domainmarket.com,M,1969-07-23
877,sgoldsbyoc,Sammy,Goldsby,sgoldsbyoc@mit.edu,F,1951-04-02
878,ngrimmolbyod,Nat,Grimmolby,ngrimmolbyod@china.com.cn,F,1996-06-18
879,ajakooe,Amity,Jako,ajakooe@chronoengine.com,F,1961-03-24
880,ddunthornof,Derwin,Dunthorn,ddunthornof@slashdot.org,M,1977-11-08
881,lchastneyog,Langsdon,Chastney,lchastneyog@toplist.cz,M,1987-07-28
882,vleadstoneoh,Vassily,Leadstone,vleadstoneoh@freewebs.com,M,1955-11-16
883,rboamoi,Reagan,Boam,rboamoi@fastcompany.com,M,1950-08-20
884,srickardsoj,Sonny,Rickards,srickardsoj@cnet.com,F,1967-10-09
885,kharmestonok,Kerwin,Harmeston,kharmestonok@alexa.com,M,1965-05-06
886,melwillol,Modestine,Elwill,melwillol@digg.com,F,1955-12-15
887,lstorckeom,Locke,Storcke,lstorckeom@kickstarter.com,M,1950-10-01
888,jembraon,Julienne,Embra,jembraon@booking.com,F,1980-03-02
889,aivannikovoo,Athena,Ivannikov,aivannikovoo@blogspot.com,F,1988-05-26
890,cmorstonop,Celeste,Morston,cmorstonop@posterous.com,F,1992-10-25
891,astqueintainoq,Ashleigh,St. Queintain,astqueintainoq@google.com.au,F,1987-11-19
892,kolfertor,Kayne,Olfert,kolfertor@utexas.edu,M,1983-08-01
893,kgreatexos,Kirby,Greatex,kgreatexos@mac.com,M,1952-11-22
894,tbisonot,Thatcher,Bison,tbisonot@godaddy.com,M,1958-12-26
895,csambathou,Costa,Sambath,csambathou@redcross.org,M,1992-05-23
896,imitchelyov,Issiah,Mitchely,imitchelyov@odnoklassniki.ru,M,1953-04-17
897,bdurramow,Bud,Durram,bdurramow@marriott.com,M,1955-09-21
898,tclinningox,Torin,Clinning,tclinningox@gizmodo.com,M,1997-02-07
899,rmeadsoy,Ronica,Meads,rmeadsoy@pcworld.com,F,1971-03-10
900,awedgbrowoz,Averell,Wedgbrow,awedgbrowoz@fastcompany.com,M,1977-08-11
901,fselbachp0,Feliks,Selbach,fselbachp0@boston.com,M,1993-01-31
902,slansberryp1,Schuyler,Lansberry,slansberryp1@upenn.edu,M,1974-07-02
903,blaingmaidp2,Briny,Laingmaid,blaingmaidp2@epa.gov,F,1982-08-11
904,elesurfp3,Edith,Le Surf,elesurfp3@rambler.ru,F,1983-11-08
905,kfilgatep4,Kendrick,Filgate,kfilgatep4@weather.com,M,1955-08-05
906,igumnp5,Idell,Gumn,igumnp5@opensource.org,F,1954-03-27
907,mrennicksp6,Morey,Rennicks,mrennicksp6@irs.gov,M,1998-05-02
908,lcanetp7,Lennie,Canet,lcanetp7@hud.gov,M,1992-04-01
909,czellandp8,Candi,Zelland,czellandp8@ask.com,F,1982-11-24
910,hcowpp9,Herb,Cowp,hcowpp9@hexun.com,M,1955-01-31
911,fdorosariopa,Franklyn,Do Rosario,fdorosariopa@lulu.com,M,1986-11-01
912,tberenspb,Tallou,Berens,tberenspb@wunderground.com,F,1966-07-21
913,pgeanepc,Petra,Geane,pgeanepc@aboutads.info,F,1983-07-14
914,ntrettpd,Norris,Trett,ntrettpd@free.fr,M,1959-12-15
915,mdressepe,Mallory,Dresse,mdressepe@about.com,M,1963-08-23
916,amcmullenpf,Allard,McMullen,amcmullenpf@jigsy.com,M,1978-12-04
917,treilingenpg,Tobias,Reilingen,treilingenpg@patch.com,M,1958-06-06
918,droxburchph,Dorri,Roxburch,droxburchph@histats.com,F,1998-01-15
919,binglestonpi,Blake,Ingleston,binglestonpi@printfriendly.com,M,1994-07-25
920,tlongmeadpj,Torrey,Longmead,tlongmeadpj@zdnet.com,M,1986-12-28
921,mlenoirpk,Merle,Lenoir,mlenoirpk@umich.edu,F,1953-10-06
922,kwickpl,Kacie,Wick,kwickpl@google.com.au,F,1966-02-24
923,bhalvosenpm,Bobbi,Halvosen,bhalvosenpm@sourceforge.net,F,1982-02-19
924,dbwyepn,Darelle,Bwye,dbwyepn@sphinn.com,F,1993-01-01
925,fsigginspo,Flo,Siggins,fsigginspo@uol.com.br,F,1999-07-15
926,cnancepp,Clair,Nance,cnancepp@tiny.cc,F,1982-05-07
927,gbowshirepq,Gabe,Bowshire,gbowshirepq@cyberchimps.com,M,1970-08-20
928,tlippopr,Tommie,Lippo,tlippopr@devhub.com,M,1998-03-27
929,mgasnellps,Marigold,Gasnell,mgasnellps@china.com.cn,F,1976-01-20
930,bkieldpt,Baryram,Kield,bkieldpt@uol.com.br,M,1991-07-23
931,ksextonpu,Keefer,Sexton,ksextonpu@time.com,M,1967-07-26
932,acoppopv,Arlen,Coppo,acoppopv@reverbnation.com,M,1989-11-25
933,lrenackownapw,Leeanne,Renackowna,lrenackownapw@i2i.jp,F,1960-11-06
934,idillestonpx,Indira,Dilleston,idillestonpx@list-manage.com,F,1993-04-12
935,jmartynovpy,Jarred,Martynov,jmartynovpy@google.fr,M,1967-10-12
936,smattussevichpz,Sheila,Mattussevich,smattussevichpz@freewebs.com,F,1972-12-06
937,bbasindaleq0,Baxie,Basindale,bbasindaleq0@exblog.jp,M,1954-06-12
938,sbraybrookesq1,Sheff,Braybrookes,sbraybrookesq1@merriam-webster.com,M,1968-02-06
939,ctremonteq2,Camilla,Tremonte,ctremonteq2@tamu.edu,F,1993-12-09
940,lcheshireq3,Lauretta,Cheshire,lcheshireq3@mac.com,F,1973-11-18
941,hdodworthq4,Helsa,Dodworth,hdodworthq4@alibaba.com,F,1985-02-01
942,cdefondq5,Chico,Defond,cdefondq5@moonfruit.com,M,1971-10-30
943,wgummaryq6,Whitby,Gummary,wgummaryq6@myspace.com,M,1975-09-29
944,ttonkinq7,Tiebold,Tonkin,ttonkinq7@discovery.com,M,1994-10-18
945,vmidlaneq8,Veronique,Midlane,vmidlaneq8@dot.gov,F,1963-05-05
946,edombq9,Emmalyn,Domb,edombq9@tinypic.com,F,1995-08-11
947,tbrillqa,Tades,Brill,tbrillqa@issuu.com,M,1958-06-03
948,cmalatalantqb,Carson,Malatalant,cmalatalantqb@illinois.edu,M,1953-06-12
949,cbrocktonqc,Chance,Brockton,cbrocktonqc@rediff.com,M,1982-04-12
950,evigerqd,Ethelind,Viger,evigerqd@netscape.com,F,1961-10-04
951,lsimpkinqe,Lola,Simpkin,lsimpkinqe@addthis.com,F,1997-01-22
952,amacelholmqf,Abby,MacElholm,amacelholmqf@live.com,M,1955-03-15
953,akellickqg,Addy,Kellick,akellickqg@rambler.ru,M,1972-12-18
954,ametzigqh,Arvy,Metzig,ametzigqh@wunderground.com,M,1995-03-05
955,kfarrellqi,Kathlin,Farrell,kfarrellqi@dyndns.org,F,1957-12-11
956,mcavetqj,Maisey,Cavet,mcavetqj@hhs.gov,F,1959-09-01
957,ebannqk,Eduino,Bann,ebannqk@cnbc.com,M,1970-01-26
958,bdallisonql,Briana,Dallison,bdallisonql@opera.com,F,1952-09-11
959,kcastanosqm,Kip,Castanos,kcastanosqm@i2i.jp,M,1992-02-20
960,mbeddinghamqn,Miranda,Beddingham,mbeddinghamqn@google.co.uk,F,1978-04-26
961,bhickinqo,Blakeley,Hickin,bhickinqo@howstuffworks.com,F,1978-01-10
962,sseemanqp,Salvador,Seeman,sseemanqp@amazon.de,M,1995-08-09
963,rstokerqq,Robby,Stoker,rstokerqq@mozilla.org,F,1983-05-03
964,fgoodrumqr,Florentia,Goodrum,fgoodrumqr@com.com,F,1993-08-23
965,bpughqs,Bernarr,Pugh,bpughqs@liveinternet.ru,M,1984-01-25
966,mhacketqt,Mil,Hacket,mhacketqt@opensource.org,F,1972-10-25
967,lcradockqu,Layne,Cradock,lcradockqu@wikipedia.org,F,1992-06-20
968,waryqv,Wernher,Ary,waryqv@telegraph.co.uk,M,1992-09-14
969,ajadczakqw,Ari,Jadczak,ajadczakqw@ca.gov,M,1973-12-13
970,lbenezeitqx,Lanie,Benezeit,lbenezeitqx@virginia.edu,M,1973-03-16
971,bevreuxqy,Bailie,Evreux,bevreuxqy@51.la,M,1972-10-03
972,asherwillqz,Alleyn,Sherwill,asherwillqz@google.ca,M,1954-05-06
973,mglovesr0,Maggee,Gloves,mglovesr0@seattletimes.com,F,1960-11-28
974,avalentinr1,Abdul,Valentin,avalentinr1@1688.com,M,1955-12-16
975,jgilvaryr2,Jewell,Gilvary,jgilvaryr2@ucoz.com,F,1982-01-27
976,rargabriter3,Raquel,Argabrite,rargabriter3@is.gd,F,1960-11-03
977,croadr4,Cosetta,Road,croadr4@xrea.com,F,1970-04-13
978,sbelfordr5,Sterling,Belford,sbelfordr5@facebook.com,M,1969-12-14
979,bcassleyr6,Bo,Cassley,bcassleyr6@hud.gov,M,1968-06-22
980,aprisleyr7,Alford,Prisley,aprisleyr7@forbes.com,M,1984-05-22
981,dslesserr8,Dulcine,Slesser,dslesserr8@princeton.edu,F,1958-11-07
982,ldiniscor9,Lissa,Di Nisco,ldiniscor9@cpanel.net,F,1957-10-22
983,jjacobira,Janella,Jacobi,jjacobira@altervista.org,F,1959-09-09
984,cstledgerrb,Cullan,St Ledger,cstledgerrb@nyu.edu,M,1976-01-04
985,rblaesrc,Roger,Blaes,rblaesrc@telegraph.co.uk,M,1964-04-03
986,cstuddertrd,Carlin,Studdert,cstuddertrd@ed.gov,M,1985-10-19
987,tlindenbaumre,Tod,Lindenbaum,tlindenbaumre@dell.com,M,1978-01-11
988,uharteleyrf,Uri,Harteley,uharteleyrf@barnesandnoble.com,M,1983-06-16
989,wduggaryrg,Warden,Duggary,wduggaryrg@auda.org.au,M,1961-06-10
990,vpavlenkorh,Verine,Pavlenko,vpavlenkorh@china.com.cn,F,1989-08-17
991,mlittlefieldri,Mercie,Littlefield,mlittlefieldri@dagondesign.com,F,1967-10-09
992,casburyrj,Cass,Asbury,casburyrj@e-recht24.de,F,1991-02-13
993,smckiernanrk,Sloane,McKiernan,smckiernanrk@scribd.com,M,1976-01-31
994,mleiskrl,Moyna,Leisk,mleiskrl@wikia.com,F,1987-05-18
995,gbrabynrm,Gabriel,Brabyn,gbrabynrm@techcrunch.com,M,1993-12-03
996,mbalaisonrn,Magdalene,Balaison,mbalaisonrn@deviantart.com,F,1995-02-25
997,mmakenro,Maren,Maken,mmakenro@va.gov,F,1975-08-20
998,gurerp,George,Ure,gurerp@arizona.edu,F,1973-01-10
999,lalexandrescurq,Loretta,Alexandrescu,lalexandrescurq@histats.com,F,1968-05-01
1000,tmanntschkerr,Tudor,Manntschke,tmanntschkerr@nasa.gov,M,1957-04-21
